Nom,Prénom,Fonction,Média ou organisation
Aballain,Olivier,Directeur des formations au journalisme,ESJ Lille
Abalo,André,JRI,France Télévision
Abbiateci,Jean,Journaliste,
Aboudou,Djamiou,Journaliste,L’Emissaire
Acar,Anne-Lucie,Journaliste,Free-lance
Ackermann,Pierre,COPIL,Demain en mains
Adaoust,Camille,Journaliste spécialisée climat-environnement,Franceinfo.fr
Adoh,Déborah,Journaliste et fondatrice d’Endémik,Endémik
Advocat,Raoul,journaliste,France 3
Aeschimann,Pierre-Eric,Journaliste,L’Obs
Agorram,Laïla,Journaliste,France 3
Aguilar,Hélène,Fondatrice média indépendant doublé d’une association d’intérêt général,Podcast Où est le beau ? * Association pour un design soutenable
Ahamed-Mikidache,Houmi,Journaliste,Era Environnement
Aillerie,Marie,Alterante en journalisme,"76actu, Côté Rouen"
Aiquel,Pablo,Journaliste,La Gazette des communes
Ait Habbouche,Morad,Journaliste,Agence de presse Elle est pas belle la vie
Ajmed Association Des Journalistes Médicaux De La Presse Grand Public,Agnès Duperrin Et Rica Etienne,co présidentes Ajmed,Ajmed
Alavedra-Juncosas,Florence Laetitia,Rédactrice en chef,Feat-y
Albert,Marie,Journaliste,Pigiste
Albertini,Clarisse,Data journaliste,Indépendante
Alduy,Cecile,"Chercheuse, autrice",Stanford University
Alex Morss,Ms,Writer,Alex Morss
Alexandre,Matthieu,"Co-dirigeant, reporter",InTERREviews.fr
Alias,Marc,Journaliste scientifique CP n°94236,Nexus
Allafort,Lê Thi Mai,Rédactrice en chef,La Toque Magazine – NGPA
Allante,Philippe,Réalisateur & documentariste,France Télévisions
Allard,Laure,Étudiante en journalisme,École Du Journalisme de Nice
Allart,Antoine,Journaliste,France 3
Allavoine,Louise,Photojournaliste,Indépendante
Allemand,Sophie,Journaliste (CDD),Radio France
Allimant,Romain,Journaliste,Indépendant
Alméras,Claire,rédatrice en chef adjointe,Famille & éducation
Almonté,Marie,Rédactrice Graphiste,Popi – Bayard Presse
Alvarez,Concepcion,Cheffe de rubrique Transition écologique,Novethic
Amandine,Rossato,Journaliste,Pigiste
Amichaud,Romain,Journaliste,Publihebdos
Amicone,Sylvia,Journaliste,LCI
Andre,Catherine,Directrice éditoriale,Voxeurop
Angel,Marina,journaliste pigiste,"L’Usine Nouvelle, L’Usine Digitale, Industrie & Technologies"
Apaloo,Julien,Journaliste reporter d’images,BFMTV
Arassus,Romane,Alternante,Medtronic
Argelas,Milan,Journaliste,BFMTV
Arnould,Marie,Rédactrice en chef,Les 4 Saisons
Aronson,David,Ecrivain,Free-lance
Artaud,Violette,Journaliste,Marsactu
Arutunian,Sophie,Responsable pédagogique en école de journalisme,Iscpa Toulouse
Ascensio,Amandine,Journaliste pigiste,"Afp, Figaro, Mediapart, etc…"
Ascher,David,Directeur de publication,Actu-Environnement
Assunta,Corbo,Journaliste,News48.it
Astier,Marie,Journaliste,Reporterre
Astruc,Lionel,journaliste et écrivain,Indépendant
Attal,Debora,Journaliste & Fondatrice de Refyld,REFYLD
Aubron,Laurence,Directrice,"Euradio, la radio européenne des territoires"
Audije,Paco,Journaliste et correspondant,https://periodistas-es.com/ l’Humanité magazine /
Auditeau,Pascale,Journaliste,La République du Centre
Auffray,Élodie,Journaliste,Pigiste
Augier,Rodolphe,journaliste rédacteur et reporteur d’images,France télévisions
Augry,Marie Laure,Journaliste,Journalisme et Citoyenneté
Aulnette,Clément,Journaliste,Pigiste
Autran,Julien,Rédacteur Graphiste,Phosphore et We Demain 100% ado
Autret,Nolwenn,Journaliste,RFI
Aveline,Marie-Laure,Journaliste,La Nouvelle République du Centre-Ouest
Avon,Simon,Etudiant,Ecole de Journalisme de Grenoble
Avril,Annabelle,Photographe,Vivant le media
Azouvi,Cyril,Reporter,Ça m’intéresse
Ba,Amadou,Journaliste,INNOVAFRICA.COM
Babin-Chevaye,Carole,auteure et facilitatrice,mondedespossibles.today
Bachelot,Manon,Journaliste réalisatrice,
Bachiri Wadimoff,Léo,Journaliste,RTS (Radio Télévision Suisse)
Badets,Véronique,cheffe de rubrique Envrionnement,Le Pèlerin
Badia,Thomas Diego,Réalisateur,Free-lance
Baïetto,Thomas,Journaliste,franceinfo.fr
Bailly,David,journaliste rédacteur,France 3
Balao,Kossi Elom,Président,Réseau des Journalistes Scientifiques d’Afrique Francophone
Balcaen,Colombine,Etudiante en M2 Climat et Médias,
Baldos,Raphaël,Journaliste,
Ballot,Nicolas,Rédacteur en chef,Syndicalisme Hebdo et CFDT Magazine
Balluffier,Asia,Journaliste,Le Monde
Baltus,Margaux,Journaliste,France TV
Bambanayo Wandja,Gratius,Journaliste,Journal Le Baromètre
Bannier,Hélène,Coordinatrice de rédaction,Vivant le média
Bannier,Laura,Journaliste,Luxemburger Wort
Barbès,Pascale,Journaliste,France 3
Barde,Constance,Co-fondatrice,nouvel air studio
Bardou,Florian,Rédacteur reporter,Libération
Barette,Christophe,Journaliste,Pigiste
Baritello,Sonia,Journaliste,France 24
Barnéoud,Lise,Pigiste,Le Monde / Mediapart / Science et Vie Junior / Cité des Sciences…
Baron,Catherine,Rédactrice traductrice,Courrier International
Barra,Muriel,Fondatrice / Productrice,LATO SENSU Productions
Barraud,Clément,Journaliste,Le Sans-Culotte
Barreyre,Christophe,Réalisateur,Free lance
Barroux,Rémi,journaliste,Le Monde
Barth,Anaïs,Journaliste Environnement,TF1
Barthelemy,Simon,Journaliste,Rue89 Bordeaux / La Croix
Barthes,Romain,Directeur de la rédaction,WebToulousain.fr
Barthez,Nancy,Rédactrice en chef,VMôme
Bartoli,Eloïse,Journaliste apprentie,Franceinfo.fr
Bascou,Stéphanie,Journaliste indépendante,Plusieurs médias économiques (dont Pour l’Eco)
Bastide,Lauren,Journaliste,La Poudre
Bataillon,Stéphane,Grand reporter,La Croix
Batard,Patrick,Photographe,Indépendant
Baudoux,Nicolas,Journaliste multimédia,L’Echo
Baudry,Martin,Étudiant en journalisme,École de journalisme de Grenoble
Bauzon,Jérôme,Coordinateur rédaction,RCF Pays d’Aude
Bayol,Rémi,Journaliste en apprentissage,XXI et La Revue Dessinée
Beaudonnet,François,Rédacteur en chef de la rédaction européenne,"France Télévisions (France 2, France 3, France Info)"
Beaujon,Agathe,Journaliste redactrice,Challenges
Beccu,Pierre,auteur réalisateur,Bas Canal Productions
Becherel,Sophie,Journaliste scientifique,France Inter
Beck,Christophe,Journaliste,France Bleu Belfort Montbéliard
Bédé,Margaux,Journaliste,Renée Prod.
Bedoya Monsalve,Carolina,Journalista,Independiente
Behr,Charles,Journaliste,pigiste
Beiner-Molière,Dylan,Journaliste,Science et Vie
Belin,Loris,Journaliste,"Franceinfo, Eurosport"
Bellier,Arthur,Étudiant en journalisme,ESJ Lille
Bellin,Olivier,Rédacteur en chef,Solutions Numeriques
Bello,Léa,"Journaliste scientifique, vidéaste",Le Monde
Benaim,Yaëlle,Journaliste réalisatrice,Memento Productions
Benakcha,Maud,"Journaliste, productrice",Ex Louie Media et France Inter
Benazzouze,Anas,Étudiant en licence de chimie (2ème année),Partisan de votre initiative
Benchabane,Louisa,Journaliste,Indépendante
Benhaiem,Annabel,Journaliste,Collectif Extra-Muros
Benhammouda,Adam,"Correspondant de presse le progrès Saint Étienne, étudiant en journalisme à l’EJDG",EJDG
Benoit,Xavier,Reporter,La Nouvelle Republique du centre ouest
Benrhamous,Kenza,Journaliste et chargée de production,Alvéole
Berahya-Lazarus,Elvire,Journaliste,Pigiste
Berg,Frederic,Journaliste,CharenteLibre
Bergaoui,Jihane,Journaliste indépendante,"Radio France, RTS"
Beriou,Gwenola,Journaliste,France 3
Berland,Lucile,Journaliste,/
Berlencourt,Clotilde,Secrétaire Générale de Rédaction,Le Pèlerin
Bernard,Charlotte,Journaliste,Pigiste collectif W
Berni,Victoria,Journaliste indépendante,
Bertea-Granet,Laurence,Co-fondatrice,EUTOPIQUE
Berthereau,Jessica,journaliste pigiste,
Berthoud De Castellane,Laëtitia,Directrice de publication,Sillage media
Bertolus,Jean-Jérôme,Journaliste,Free lance
Bertrand,Morgane,Journaliste,L’Obs
Bertrand,Marie-Noelle,Journaliste reporter spécialisée,Independante
Bertsch,Marina,Chroniqueuse spécialisée environnement,France 24
Bessard,Muriel,Journaliste,France Télévisions
Besse,Lucille,Journaliste,Sud Ouest
Beublet,Nicolas,Journaliste,Climax
Beyrand,Simon,Journaliste,Indépendant
Bichard,Jean Philippe,RC,Attypique (avec 2 t)
Bielak,Hélène,Journaliste,"Ouest France, Les Autres Possibles, Médiacités"
Bienvenu,Hélène,Journaliste indépendante,Le Monde / Mediapart.fr
Bienvenu,Jeanne,Etudiante,Ecole de journalisme de Cannes
Bigot,Laurent,Directeur,Ecole publique de journalisme de Tours (EPJT – Université de Tours)
Binet,Hélène,Directrice de la communication / Journaliste indépendante,makesense
Binet,Emile,Rédacteur en chef,Artha News
Binot,Macha,Rédactrice en chef,respect et #UPConf
Bize,Baptiste,Journaliste – Directeur départemental adjoint,La Nouvelle République du Centre-Ouest
Blaes,Caroline,Journaliste à Impact,Indépendante
Blanc,Alexandra,Journaliste,CNews / canal +
Blanchard,Pauline,Fondatrice et rédactrice en chef,Grain magazine
Blanchard,Dominique,Enseignant Télévision ESJ Paris,Ex TF1 ex LCI
Blanchardon,Marie,Journaliste,Pigiste Aujourd’hui en France/Le Parisien
Blanchart,Jérome,Rédacteur en chef,Science & Vie Junior
Blanche,Olivier,PDG,TERRE VIVANTE
Blanquet,Gessy,Journaliste,Guadeloupe la 1ere
Blorville,Gwenhaël,YouTubeur,L’Actu qui Chauffe
Blosseville,Thomas,Journaliste pigiste,Indépendant
Bluteau,Lili,Etudiante,Esj cannes
Bobin,David,Journaliste reporter,Indépendant
Bocquet,Sylvie,Rédactrice en chef,Famille&Education
Bodrero,Martin,Journaliste,Radio Parleur
Boehly,Audrey,Journaliste,Indépendante
Boeuf,Nicolas,Datajournaliste,Indépendant
Boileau,Celine,Journaliste,Free-lance
Boisseleau,Océane,Étudiante,École de journalisme à Cannes
Boisvert,Clotilde,journaliste,JNE
Bolis,Angela,Journaliste environnement,indépendante
Bolle,Simon,Reporter,L’Equipe
Bonfils,Antoine,Président,JNE – Journalistes écrivains pour la Nature et l’Ecologie
Bonnebas,Violette,Journaliste,Freelance
Bonnéry,Margot,Journaliste,L’Humanité
Bonnet,Richard,Journaliste,Arte
Bonnet,Philippe,Reporter,NRCO
Bonnevialle-Chesneau,Sophie,Responsable éditoriale,International center for journalists/IJNet en français
Bono,Bastien,Journaliste,Jara Prod / France 5
Bonte,Arièle,Journaliste,POSITIVR
Bontemps,Louis,Photographe indépendant,
Boone,Danièle,Journaliste presse écrite et radio,
Bope Ngoloshanga,Adonis,Coordonnateur National,RCP/Médias Kinshasa
Boquen,Manon,Rédactrice en chef,Pays
Bordes,Isabelle,Journaliste,pigiste
Borgia,Gaëlle,Correspondante free-lance à Madagascar,"France 24, TV5 Monde, AFP, Arte"
Boscher,Marie,Journaliste,Outre-mer la 1ère
Bossy,Delphine,Journaliste,Les nouvelles calédoniennes
Bouaziz,Anne,Journaliste,Actu.fr
Boubetra,Nora,Journaliste grand reporter,France Télévisions (France 3/France2)
Bouchage,Marc,Journaliste,Journaliste pigiste
Bouchard-Paul,Carolyn,Journaliste,Riviera city guide
Boucher,Sandrine,journaliste et autrice BD,agence des ours
Boucher,Julie,Journaliste indépendante,Upgreen.tv et France Dimanche (nature)
Boudaka,Yasmine,Journaliste coordinatrice,NEW6S
Boudard,Lauren,"Journaliste, cofondatrice",Climax
Boudet,Charles-Henry,Présentateur – journaliste,France Télévisions
Boudot,Martin,Journaliste / Réalisateur de documentaires,Premières Lignes
Boughriet,Rachida,Journaliste,Actu-Environnement
Bougrain Dubourg,Allain,Journaliste,"RTL,Charlie Hebdo, oiseau mag…"
Bouhours,Damien,Directeur éditorial,lepetitjournal.com
Boujot,Julien,Rédacteur,La Lettre Pro de la Radio
Bouland,Jean-Luc,Responsable de la rédaction,Naturisme Magazine
Boulanger,Vincent,Rédacteur en chef,Observ’ER
Bounafaa,Myriam,Journaliste,France Televisions
Bouniol,Jean-Charles,Enseignant,Ijba / Université Bordeaux Montaigne
Bouquet,Odin,Étudiant,Bde
Bour,Camille,Journaliste,Indépendante
Bourahla-Farine,Agnès,Journaliste,Indépendante
Bourdet,Isabelle,Directrice,PRESS CLUB DE FRANCE
Bourdier,Maxime,Journaliste,
Bourelle,Hélène,Journaliste,indépendante
Bourgeois,Maeva,Rédactrice en chef,Biodynamis
Bourgeteau,Sylviane,journaliste retraitée,Collaboratrice Radio Bastides (radio citoyenne – 47)
Bourgneuf,Cécile,Journaliste,Libération
Bourrieau,Théo,Journaliste,Pigiste
Boursicot,Frédérique,Journaliste scientifique,Indépendante
Bousquet,Céline,journaliste,Oxytanie
Boutheloup,Estelle,Journaliste / Pigiste,"MagCentre – Le Monde du Camping Car Magazine, Les clés de la transition énergétique, Le Journal du photovolataïque, Le Journal des énergies renouvelables"
Bouvier,Jérôme,Président,Journalisme et Citoyenneté
Boyavalle,Isabelle,Journaliste et formatrice au cfpj,CFPJ
Boyer,Paul,Journaliste,Pigiste
Boyer,Paul,Journaliste,Pigiste
Bozon,Baptiste,Journaliste,Ecole de Journalisme de Cannes
Brand,Adélie,Journaliste,notélé
Branquart,Victor,Journaliste,We Demain / Revue UT!LE
Bras,Anne-Cécile,Journaliste,RFI
Brault,Pauline,Journaliste,Le HuffPost
Braun,Sarah,JOURNALISTE,INDÉPENDANTE
Brayard,Marceau,Photographe & Chroniqueur,Culture Jazz
Breil,Étienne,Journaliste reporter,Boites de prod
Brémeau,Marie,Journaliste,Public Sénat
Breton,Agnès,Secrétaire de rédaction,Actu-Environnement
Breton,Alexis,journaliste,Nova Production
Bria,Sophie,Journaliste météo,France Info
Bridard,Valérie,Journaliste,Indépendante
Brière De La Hosseraye,Marie,Journaliste,Universcience/LeBlob.fr
Brillaud,Rafaële,"Journaliste et responsable pédagogique, en charge du master journalisme de science",ESJ Lille
Brisson,Emmanuelle,Journaliste radio,Sud Radio
Bron,Gwenaëlle,Journaliste,France 3
Bruneau,Suzanne,Journaliste,Indépendante
Brunerie,Stéphane,Directeur de la Publication,StripFood
Brunet,Olivier,Rédacteur en chef,ToutSurMesFinances.com
Brunet,Stella,Journaliste,Le Réveil du Vivarais
Brunet-Rivaillon,Hélène,Journaliste,Pigiste
Brunon,Damien,Journaliste et Responsable pédagogique,ESJ Lille
Bruzat,Eloïse,Journaliste rédactrice,France 3 Centre-Val de Loire
Bucher,Nell,Etudiante,Pas en particulier
Buisson,Tim,Journaliste,Le Dauphiné Libéré
Burckel,Claire,Journaliste,Journal Sud Ouest
Burel,Anouk,Realisatrice,Indépendante
Bury,Véronique,Journaliste et photographe indépendante,Journaliste et photographe indépendante
Busché,Christophe,Enseignant,Centre Universitaire d’enseignement du journalisme de Strasbourg
Cabiran,Adrien,Président,Association MEDIA (Radio PFM 99.9)
Cacheux,Valentin,Journaliste,France 24
Caddeo,Cyprien,Journaliste rédacteur,L’Humanité
Cahen,Nathania,Rédactrice en chef,Marcelle média
Caillard,Damien,Responsable éditorial,Tikographie
Caillaud,Olivier,Journaliste / producteur de voyages,TV5MONDE / AR Magazine Voyageur
Cailton,Myriam,Rédactrice,MC RÉDACTION
Cailton,Myriam,Rédactrice indépendante,MC Rédaction
Califano,Benoit,Directeur,ESJ Pro Campus – École supérieure de journalisme de Montpellier
Callant,Alex,Etudiant en journalisme,EJDG
Campion,Juliette,journaliste,franceinfo.fr
Camus,Isabelle,Fondatrice et rédactrice en cheffe,https://jugeote.media/
Canal,Jean,Rédacteur de la publication,presselibre.fr
Canonne,Justine,Journaliste rédactrice,A la pige
Cantaloube Massias,Nathalie,Direction artistique,Pyrénées Magazine
Capra-Brocard,Rémi,Etudiant,Ecole de Journalisme de Cannes
Carage,Thibaut,Journaliste,Dauphiné Libéré
Caranta,Matteo,Journaliste / Producteur,France Culture
Carasco,Aude,Cheffe rubrique médias,La Croix
Cardon,Samuel,Étudiant en M2 journalisme,IJBA
Cardona,Francois,JOURNALISTE,PREMIÈRES LIGNES
Cariou,Tom,Journaliste pigiste,Indépendant
Carla,Peyrat,Journaliste,L’ADN
Carlo,Anne Lise,Journaliste,Indépendante
Carlos,Guardingo Salvadó,Jubilado,Nuestro planeta
Carof-Gadel,Marie,Journaliste,Ouest-France
Caron,Gilberte,Dir,Fil rouge
Carpentier,Arthur,Journaliste – Investigation vidéo,Le Monde
Carriere,Alienor,Journaliste-réalisatrice,Arte
Cartayrade,Etienne,Journaliste,Ouest-France
Caruge,Bertrand,Grand reporteur,France Télévisions/Martinique la 1ère
Carvalho,Nicolas,Journaliste,France Info TV
Castagna,Mathilde,Journaliste,Agefi Actifs
Castaingts,Florie,Journaliste,Francetv
Castellet,Antoine,Journaliste,
Castro,Karine,Présidente,Institut de la Gastronomie Végétale
Catalifaud,Charlène,Journaliste,Le Quotidien du Médecin
Cattin,Catherine,journaliste,indépendante
Cauchie,Charline,Journaliste,(freelance)
Cayuela,Sophie,Journaliste,Natura Sciences
Cazabet,Lilian,Photojournaliste,Hans Lucas
Cazé,Eiman,Journaliste,Indépendant
Cazenave,Cécile,journaliste,indépendante
Cazorla,Aude,Étudiante en Journalisme,IJBA (école de journalisme de Bordeaux)
Celnik,Nicolas,Journaliste,Libération (pigiste)
Cerqueira,Dylan,Administrateur,44 Pieds dans le PAF
Cerqueira,Sandra,Journaliste,Public Sénat
Cerqueira,Elodie,Journaliste,Pigiste
Certes,Nicolas,Datajournaliste,Centre France
Cessieux,Baptiste,Journaliste,Pigiste
Chaillou,Aurore,Journaliste,pigiste
Chailloux,Marine,Journaliste Reporter et conseillère municipale EELV d’Argenteuil,Radio France
Chakraverty,Clea,Cheffe de rubrique Politique et Société,The Conversation France
Chambaud,Pierre,Journaliste multimédia,La Montagne à Aurillac
Champagne,Antoine,Rédacteur en chef,Reflets.info
Champagne,Hélène,Directrice de Projets,Deutsche Welle Akademie
Chansel,Julie,Journaliste,Collectif Tu Piges
Chao,Antoine,Reporter- documentariste,Radio France
Chapalain,Juliette,Journaliste réalisatrice,BBC
Chapelle,Sophie,Journaliste,basta!
Chaput-Morin,Janlou,Journaliste localier,La Nouvelle République
Charles,Hélène,Anonyme,Demain en mains
Chartier,Martine,journaliste,Profession Recycleur
Chatal,Hinatea,Journaliste météo environnement,
Chaumette,Lucie,Journaliste,FranceinfoTV
Chaurand,Violaine,Directrice de la RSE,Bayard
Chaux,Loic,Directeur de publication,Le Tangue
Chaze,Emmanuelle,Correspondante,"Deutsche Welle, France24"
Checinsku,Hugo,Coordinateur de redaction,Radio campus angers
Cheissoux,Denis,Producteur de radio,France Inter
Chemla,Stephanie,Pigiste,Horizons publics
Chenantais,Aude,Journaliste,Freelance
Chérel Mariné,Yann,Journaliste,Mediatico
Cheron,Anne-Charlotte,Fondatrice de média & d’une agence de communication dédiée à l’intérêt général et au vivant.,L’herbier parisien
Chesnay,Jean-François,Journaliste,Indépendant
Chesnel,Sandrine,Journaliste,Indépendante
Chevallier,Cécile,Journaliste,Le Parisien Essonne
Chignac,Camille,Journaliste,France 3 Nouvelle Aquitaine
Chilard,Anne-Sophie,Chef de rubrique,J’aime Lire
Chirol,Anne,Journaliste,"pigiste (Le Monde, Slate)"
Chouraqui,Nina,Etudiante en journalisme,Magazin
Christinat,Sanna,individuelle,individuelle
Christophe,Pierre,Journaliste,Indépendant
Ciaravola,Lucas,"Rédacteur bénévole, adhérent",Humeco
Cimelière,Olivier,Consultant,Le Blog du Communicant
Cinier,Valentine,Fondatrice / rédactrice en cheffe,GUIDE PAPIER
Cintas,Estelle,Chef de service,Parents
Ciolfi,Marie,Rédactrice en chef adjointe,LesNumeriques.com
Cittone,Jean,Journaliste,Le Figaro
Civard-Racinais,Alexandrine,JOURNALISTE ET AUTRICE,CURIEUX!
Clapeau,François,Journaliste,France 3 Nouvelle Aquitaine
Clarke,Elliot,Journaliste indépendant,Le vote blanc
Claude,Carine,Rédactrice en chef,AMA magazine
Clauzard,Pavel,Journaliste sportif,Le 11 Hauts de France
Clavey,Martin,Journaliste scientifique,pigiste
Clément,Lauriane,Journaliste,Phosphore
Clesse,Jeane,Podcasteuse,BASILIC
Clévenot,Emmanuel,Journaliste,Reporterre
Cloarec,Gaëlle,Journaliste,Indépendante
Clouzard,Gael,Redacteur en chef,goodd.fr
Clouzeau,Grégoire,Fondateur et Directeur,La Tribune libre de Bleau et Cie Tl2b
Club De La Presse De Bretagne,Nan,Coprésidents,
Cluzeau,Philippe,Directeur,Maison pour la science en Aquitaine
Codet-Boisse,Martial,Journaliste rédacteur,France 3
Codron,Joséphine,Pigiste,Indépendante
Cogneau,Gilles,Directeur communication et fundraising,Natagora
Cohen,Chloé,Journaliste indépendante,Podcast Nouveau Modèle
Cohen De Timary,Olivier,Directeur de la publication,Socialter
Coiffard,Pauline,Journaliste,France télévisions
Coignac,Anaïs,Pigiste,Indépendante
Coignard,Hugo,Journaliste,Indépendant
Cojean,Thibaut,Rédacteur en chef adjoint,L’Etudiant
Colaci,Emanuela,Journaliste,Indépendant
Colet,Bruno,formateur-animateur,Lire et écrire
Colin,Elise,Journaliste,Le Progrès
Colle,Marie-Emilie,Journaliste,Magazine Image & Nature
Collectif Les Incorrigibles,Collectif Les Incorrigibles,Collectif de journalistes pigistes,Collectif de journalistes pigistes
Collectif presse-Papiers,Nan,Collectif de pigistes basés à Marseille,
Collectif Tu Piges,Collectif Tu Piges,journalistes,Collectif Tu Piges
Collet,Philipp,Journaliste,Actu-Environnement
Collet,Laurence,Journaliste,France 3
Colombel,Mary,Journaliste,Indépendante
Colson,Sébastien,Rédacteur,Le Dauphiné Libéré
Combalat,Victor,Etudiant en Journalisme,Ecole de Journalisme de Cannes
Combalbert,Nicolas,Réalisateur et producteur,Films du Texmex
Combe,Matthieu,Directeur de la publication,Natura Sciences
Compère,Sylvain,Journaliste,Le Populaire du Centre
Conchon,Maxime,Étudiant en journalisme,École de journalisme de Cannes
Condé,Fanta,Pigiste,RFI Mandenkan
Conquet,Emma,Journaliste,Pigiste
Conscience,Théo,Correspondant en Argentine,RFI
Cordani,Claudine,Directrice de la rédaction,Les Cent Plumes
Cordier,Claude,Journaliste honoraire,Ancien président CCIJP
Cordroc’h,Solenn,Journaliste,Pigiste
Coromines,Laure,Journaliste,L’ADN
Coromines,Laure,Journaliste,L’ADN
Costes,Fanny,Journaliste rédactrice,Indépendante
Couderc,Ervan,Journaliste,Nord Littoral
Coulange,Arthur,journaliste,Enseigne et Sites
Coulaud,Aurore,Journaliste Environnement,Libération
Coulombe,Pascal,Informaticien,Gezzâ
Coupez,Edwige,Journaliste,Indépendante
Couturier,Cécile,Journaliste indépendante,"Presse magazine vulgarisation scientifique (Science & vie Junior, Salamandre Junior, etc.)"
Couve,Philippe,Directeur organisme de formation,Samsa.fr
Couzy,Marine,Secrétaire de rédaction,Ça m’intéresse
Crahay,Jérôme,Journaliste,Notélé
Crequer,Tudi,Journaliste,Dispak
Crézé,Tiphaine,Journaliste,Le Chantier
Crocq,Matthieu,éditeur web,60 Millions de consommateurs
Croisé,Nathalie,Journaliste,Carbone Zéro La Radio-The Good
Cros,Philippe,Chef de rédaction,La République du centre
Cros,Lola,Journaliste indépendante,Finta! le podcast
Cros,Lola,Journaliste indépendante,Finta! le podcast
Crosnier,Camille,Journaliste,France Inter
Crozat,Laure,Journaliste,France 3
Crozet,Dimitri,Chef de rédaction,La République du Centre
Culat,Aurélien,Journaliste free-lance,La Vie / Oui ! Le magazine / Radio Ballade / RCF Pays d’Aude
Curtil,Gautier,Directeur de l offre NOWU,France Tv
Curty,Thierry,Co-Président,Courant Constructif
Cuvier,Frederic,Responsable d’édiion,France 3 Bourgogne Franche-Comté
Cuxac,Anna,Rédactrice en chef de Causette.fr,Causette
Cygler,Clément,rédacteur en chef,Energie Plus
D’allard,Marion,Journaliste,L’Humanité
D’almeida,Laure,Journaliste,Indépendante
D’imperio,Alexandra D’imperio,Journaliste scientifique,Indépendante
D’ancona,Laurent,Journaliste,La Provence
Da Costa,Sophie,Rédactrice en chef,CFNEWS IMMO
Dagorn,Gary,Journaliste,Le Monde
Dambax,Léa,chargée de projet RSE / Développement durable,Étudiante en Master Management de Projet en Environnement spécialité RSE
Dana,Marc,Grand Reporter,France Télévisions
Dana,Jean-Yves,Rédacteur en chef,Okapi
Dang,Léa,Journaliste,Socialter
Daniel,Edouard,Journaliste rédacteur,La Nouvelle République
Danjon,Alexis,Reporter,L’Equipe
Danjou,Quentin,JRI,TF1
Dao,Linh-Lan,Journaliste,Franceinfo tv
Daoust,Antoine,Rédacteur en chef,Fact & Furious
Darbouret,Aurélie,Journaliste,indépendante
Darengosse,Gaelle,Journaliste redactrice,F3 idf
Darrault,Lisa,Journaliste,Cré-sol
Darrigrand,Alain,Journaliste rédacteur et Jri,France Télévisions
Darrrault,David,Photographe,Independant
Dasinieres,Laure,Journaliste,Indépendante
Dauchez,Florence,Présidente,Visible
Daude,Matthieu,Ingénieur du son,Free lance
Dauvergne,Géraldine,Journaliste,L’Argus de l’assurance
David,Frédéric,Fondateur & Coordinateur de Demain-Vendée,Demain-Vendée
David,Pascaline,Journaliste,Freelance
De Boni,Marc,Journaliste – Auteur,Indépendant
De Butler,Benoît,Journaliste TV,France Télévisions
De Coppet,Catherine,Rédactrice en chef adjointe,Revue XXI
De Crécy,Alix,Indépendante,Mediavivant
De Fréminville,Solange,Journaliste,Journaliste free-lance
De Lambilly,Joséphine,Journaliste,Na
De Loof,Celia,Étudiante,/
De Mondenard,Béatrice,Secrétaire de rédaction,Cahiers pédagogiques
De Monès,François,Journaliste,La Disparition
De Montmagner,Christian,Journaliste,Association des Journalistes de Toulouse et sa région (AJT-r)
De Montmagner,Christian,Président,AJT-r : Association des Journalistes de Toulouse et sa région
De Mori,Géraldine,Chef du service météo,RMC
De Muylder,Valentine,Journaliste,Indépendante
De Nale,Marc,Directeur Général,Demain la Terre
De Oliveira,Romain,Journaliste indépendant,TV7 Bordeaux
De Quina,Audrey,Étudiante en école de journalisme,"École de journalisme de Cannes, IUT Nice Côte d’Azur"
De Seze,Cécile,Journaliste,20 Minutes
De Sousa,Carlos,Journaliste,Le Dauphiné Libéré
Deb,Chaymaa,Rédactrice en chef,Natura Sciences
Debesse,Laurent,Rédacteur en chef adjoint – Présentateur,France Télévisions
Debove,Laurie,Rédactrice-en-chef,La Relève et La Peste
Décarre,Héloïse,Journaliste pigiste,"Radio France, L’Eclaireur FNAC"
Decaux,Sébastien,Météorologue,Météo-Bretagne/Météo-Concept
Decenciere,David,Étudiant,Insa Strasbourg
Decharme,Baptiste,Journaliste,La Nouvelle République du Centre-Ouest
Deffrennes,Geoffroy,JOURNALISE,ESJ LILLE
Deiss,Jérôme,Chef de projet,France Télévisions
Dekegeleer,Gwenaëlle,Journaliste,RTBF
Delâge,Frédéric,Journaliste,La Nouvelle République du Centre Ouest
Delbecq,Denis,Journaliste,Indépendant
Delbecq,Angèle,Pigiste,LCI
Delbos,Camille,"Producteur multimédia, photographe et vidéaste documentaire",Camille Delbos Production
Delcourt,Alexis,Journaliste,France TV National
Deleu,Christophe,Directeur Cuej,Cuej
Delevoye,Vanessa,Rédactrice en chef,Urbis le mag
Delicque,Arthur,Journaliste Outdoor,Grimper Magazine / Les Others / Sphères Magazine / Revue Pays / Montagnes Magazine / Vertical
Dellangnol,Clémence,Journaliste,
Dellus,Sylvie,Journaliste,Santé magazine/SNJ
Delmas,Vanina,Journaliste – cheffe de rubrique Ecologie,Politis
Delmas,Aurelie,Journaliste,Vert
Delmolino,Alexandra,Journaliste pigiste,Pigiste
Delorme,Claire,Journaliste météo,CNews / RTL
Delotte,François,Journaliste,La Montagne
Delouvrie,Marie Candice,journaliste,france 2
Delouvrié,Marie-Candice,Journaliste,France tv
Delpas,Clara,Journaliste,Freelance
Demars,Annaick,Rédactrice TV/ web,France 3 Limousin
Demarty,Marie-Pierre,Rédactrice,Tikographie
Demay,Christophe,Journaliste,infodiag.fr
Demenus,Ysée,Étudiante en journalisme,École de journalisme de Grenoble
Demesse,Aurélie,Journaliste,La Libre Belgique / freelance
Demey,Gennifer,Présentatrice météo,M6
Demguillem,Muriel,Journaliste honoraire,Ex France Televisions
Demiralp,Özgül,Journaliste,La Mèche
Denanot,Emmanuel,Journaliste,France Televisions
Denans,Matthieu,DIRECTEUR COMMERCIAL,ACTU-ENVIRONNEMENT
Denhez,Frederic,"Auteur, chroniqueur","Marianne, BFM"
Deniaud,Jean-Paul,Co-fondateur,Pioche!
Denoyel,Ariane,Journaliste / Enseignante,EJdG
Deonna,Emmanuel,Journaliste,Indépendant
Deprez,Flavie,Directrice Générale,Carenews
Dert-Chopin,Zoé,Étudiante en journalisme,Centre universitaire d’enseignement du journalisme de Strasbourg
Descamps,Quentin,Journaliste,Libération
Descamps,Olivier,journaliste environnement,
Deschamps,Stéphanie,Journaliste grand reporter,
Descroix,Camille,Journaliste pigiste,"Franceinfo, Vice, Society, Mouv’…."
Desfontaines,Marie-Alexandra,journaliste,
Desprez,Mathieu,Co fondateur,Les Horizons
Destombes,Christelle,Journaliste,AEF Info
Deunf,Catherine,journaliste rédacteur,France Télévisions
Devanda,Natacha,redactrice en chef adjointe,Charlie Hebdo
Dezecot,Julien,JOURNALISTE – DIRECTEUR DE PUBLICATION,SANS TRANSITION ! MAGAZINE
Dezeraud,Pierre,Journaliste,
Di Battista,Nina,Rédactrice en chef adjointe,Fleurus presse
Diallo,Babou,Journaliste,https://farafinanews.com/
Diaz Valderrama,Maria,Correspondante en France pour l’Espagne,Agence EFE
Diebold,Jean-Baptiste,Cofondateur,Ginkio
Diedri,Anderson,Rédacteur en chef,"Eburnie Today, Côte d’Ivoire"
Diego,Christina,Rédactrice en chef,Carenews
Disdero,Éléonore,Journaliste environnement,Pigiste
Dissoubray,Rémy,Journaliste localier,Le Bien Public
Djama,Mahamoud,Journaliste d’investigation,La voix de Djibouti
Do Pio,Alison,Ingénieur travaux,Entreprise DO PIO
Doiezie,Mathilde,journaliste,pigiste
Dolman,Cécile,Journaliste,Pigiste
Dolz,Gaelle-Anne,Journaliste,France Télévisions
Domergue,Lisa,Journaliste,Carenews
Donada,Gilles,journaliste,La Croix
Dorn,Charlotte,Journaliste et enseignante en journalisme,Dernières Nouvelles d’Alsace et Centre Universitaire d’Enseignement du Journalisme
Dorzée,Hugues,Rédacteur en chef,"Imagine Demain le monde (www.imagine-magazine.com) – écologie, société, Nord-Sud. Un bimestriel belge et indépendant qui s’inscrit dans le courant slow press et défend un journalisme critique, vivant et apaisé. Voir notre Manifeste Imagine ici https://www.imagine-magazine.com/notre-projet/"
Dos Santos,Rémi,Journaliste,180 Sports / Canal+ / Sud Radio / L’Equipe
Doucet,Yohan,rédacteur/SR,Charente Libre
Douriez,Benjamin,Journaliste pigiste,"pigiste (Femme actuelle, L’Express, Circuits bio, Reporterre…)"
Douvizy,Sarah,"Journaliste, responsable d’agence","La Montagne et La Gazette, groupe Centre France"
Doux,Marine,Cofondatrice,Médianes
Dramé,Faydy,Chargé de projet,Ouestaf News
Drammeh,Sam,Étudiant journaliste en alternance,"Midi Libre, ESJ"
Drouelle,Léa,Journaliste,Sorocité
Druelle,Julia,journaliste et photo journaliste,pigiste
Du Bois,Stéphanie,Journaliste,Ngroup
Du Saint,Caroline,Réalisatrice / rédactrice en chef,Nova Production
Dubé,Fred,chroniqueur,Journal Le Mouton Noir
Dubesset,Enzo,journaliste,Pigiste
Dublange,Pauline,Étudiante,Aucun
Duchemann,Yvette,Ecologiste,Association politique SEPT : solidarité ecologiste populaire pou nout tèr
Ducrey,Corinne,Présidente / CoFondatrice,"Festival CHEMIN FAISANT, Université du Bien Commun, Collectif « MERCI POUR L’INFO ! »"
Duez,Alain,Président,association l’âge de faire
Dufour,Aurélien,Étudiant en journalisme,École de Journalisme de Cannes
Dufrene,Cécile,Secrétaire de rédaction,Terre Sauvage
Dugast,Stéphane,Rédacteur-en-chef,Embarquements
Duhamel,Samuel,Responsable de bureau,M6
Dumas,Isabelle,Directrice,ISCPA Lyon
Dumas,Siegrid,Présidente,"Sorgi xendera – Pays Basque, le nouveau guide"
Dumeny,Marine,Journaliste,Pigiste
Dumond,Jean-Baptiste,Naturaliste-photographe,faunesauvage.fr
Duperrin,Agnès,chef service santé Notre temps et Secrétaire CSE Bayard,Bayard
Dupin,Marie,Journaliste,France Info
Duplessis,Elisa,Fondatrice,Écoïste
Duplessy,Jacques,Journaliste indépendant,
Dupont-Besnard,Marcus,Journaliste,Numerama
Dupuis,Cyrille,Rédacteur en chef,Quotidien du médecin
Dupuy,Capucine,"Journaliste environnement, scénariste de BD engagées",La Plume Qui Écume
Duquesne,Karma,Journaliste et juriste,
Duquesne,Juliette,journaliste,Carnets d’alerte
Durand,Karine,journaliste spécialiste météo,Futura
Durand-Rodriguez,Emmanuelle,Journaliste,Telmi Studio
Durif,Anne-Lise,Journaliste,Indépendant
Duros,Hélène,Journaliste,Le Télégramme
Dury,Florian,broadcast manager,EUROSPORT
Duval,Antoine,Journaliste indépendant et rédacteur scientifique pour le journal L’Edition de l’Université Paris-Saclay,Indépendant et Université Paris-Saclay
Duvialard,Hélène,professeure-documentaliste,"médias scolaire : Phil Fm, webradio et le presse-papier journal"
Dworianyn,Nina,Journaliste en locale isolée,La République des Pyrénées
Dzuilka,Margaux,Journaliste,
Ecole De Journalisme De Grenoble,Ejdg,,Université Grenoble Alpes / Institut d’Etudes Politiques de Grenoble
École De Journalisme De Lannion,Nan,Cursus de journalisme reconnu,
Edde,Julie,Reporter,Journaliste indépendante
Edin,Vincent,Journaliste,Usbek et Rica
Edwiges,Alix,Journaliste,CAPA Presse
Egasse,Juliette,Étudiante,Rien
Eglin,Patrice,Rédacteur graphiste,Okapi
El Moaddem,Nassira,Journaliste,Arrêt sur images
Enault,Marianne,Rédactrice en cheffe adjointe,Le Journal du Dimanche
Endrizzi,Luca,Journaliste indépendant,
Equy,Laure,journaliste,Libération
Ernault,Sylvain,Journaliste,Splann !
Espargilière,Loup,Journaliste,Vert
Etcheverry,Marc,Rédacteur en chef adjoint,Radio France internationale
Eychenne,Alexia,Journaliste,Indépendante
Eyegue,Sophie,Journaliste,Pigiste
Fabre Soundron,Marina,Rédactrice en chef,Novethic
Faivre,Agnes,Journaliste,Divers
Falque,Noé,UX designer,Spintank
Falzon,Paul,Journaliste,Indépendant
Fanta,Condé,Pigiste,RFI Mandenkan
Fasciaux,Nina,EUROPE MANAGER,SOLUTIONS JOURNALISM NETWORK
Fauchois,Virginie,Journaliste multimédia en formation,Indépendante
Faucompré,Pascal,Rédacteur en chef,Build Green
Faure,Guillaume,Journaliste,Le Dauphiné Libéré
Favre,Aude,Journaliste,Arte / WTFake
Favrot,Lionel,Directeur de la rédaction,Mag2Lyon
Feda,Tony,Rédacteur en chef,L’Echiquier
Feltrin,Loic,Journaliste sportif,Pigiste
Fenouillet,Flore,Journaliste redacteur reporter,France 3 Provence Alpes
Ferard,Emeline,Journaliste,Aucune
Ferber,Alice,Journaliste,L’Obs
Ferbos,Aude,Présidente,Club de la Presse de Bordeaux N-A
Fernandez,Christophe,chef de rubrique Génération,Okapi
Ferrisi,Michael,Fondateur,Ecolosport
Fesquet,Laurence,Journaliste – Secrétaire de rédaction,Ça m’intéresse
Fessler,Rémi,Journaliste secrétaire de rédaction,Le Dauphiné libéré
Feunteun,Véronique,Redactrice photo,Le Parisien Magazine
Feydel,Sandrine,Journaliste,France Télévisions
Fichou,Bertrand,Rédacteur-en-chef,"Youpi et Images Doc, Bayard"
Fierling,Estelle,Etudiante en journalisme,"IUT de Nice, antenne de Cannes"
Figeac,Patrick,President du Media Citoyen en Villeneuvous,MCV
Fillon,Tiffany,Journaliste web et réseaux sociaux,France 24
Finot,Vanessa,Journaliste,France 3 nouvelle Aquitaine
Firh,Thomas,Rédacteur en chef,Les Others
Firh,Thomas,Président et rédacteur-en-chef,Les Others
Fisné-Koch,Audrey,Journaliste,Pour l’Éco
Flabeau,Nina,Fondatrice,GREEN UP
Flament,Aurélien,Journaliste Reporter d’Images,Pigiste – TF1
Flaux,Adèle,Réalisatrice,
Flécher,Guirec,Journaliste,Le Télégramme
Flepp,Augustin,Journaliste,indépendant
Florin,Muriel,Journaliste reporter,Le Progrès
Florin,Jean-Michel,Journaliste Conférencier,Biodynamis et MABD
Florin,Muriel,Reporter,Le progrès
Flouvat,Léni,Journaliste en formation,ESJ Lille
Flury,Laura,Étudiante,?
Fodaro,Irene,Journaliste,Freelance
Foin,Michèle,Fondatrice,COLLECTIF SOLVO
Fontaine,Séverine,Journaliste scientifique,Indépendante
Fontaine,Jean Jacques,Journaliste indépendant,La Liberté – Fribourg – Suisse / Vision Brésil wordpress.com
Fontaine,Lucie,Journaliste en formation,CFJ
Fonters,Anna,Journaliste,ELLE
Forestier,Marine,journaliste,Indépendante
Fortunato,Marie,Journaliste,
Fosse,Julien,Biologiste,
Fosse,Zacharie,Coordinateur,Radio Boomerang
Francés,Hugo,Chef des informations,BFM Lyon
Francois,Pierre-Olivier,Realisateur,Arte et autres
Frank,Cyrille,journaliste/formateur,ESJ Pro
Freres,Sarah,Journaliste,Imagine Demain le monde (Belgique)
Fresko,Jean-Jacques,rédacteur en chef,Infonature.media
Fricot,Pauline,Journaliste,Indépendante
Fromont,Gabrielle,étudiante en journalisme,Académie ESJ Lille
Fuentes,Olivia,Journaliste,Décideurs Magazine
Fulleda,Clémence,Journaliste,France Bleu Occitanie
Gadenne,Adeline,Pigiste,"Rustica, Plantes&Santé, Notre Temps Santé&Bien-être"
Gagnier,Emmanuel,Rédacteur en chef,Premières Lignes Télévision
Gagnon,Anne-Claire,Vétérinaire journaliste pigiste,L’ESsentiel vétérinaire/La Semaine vétérinaire/ Mid&Plus – OneHealthInitiative
Gaillard,Caroline,Journaliste,Midi Libre
Gaillardin,Patrick,Photojournaliste et podcasteur,Collectif Solvo
Gailly,Adeline,Journaliste pigiste,Le Dauphiné Libéré
Galand,Carol,Rédactrice en chef,Mue
Gallé,Jennifer,Journaliste environnement,The Conversation France
Gallet,Stéphanie,Journaliste,RCF
Galluccio,Cécile,Journaliste,France 24
Gamblin,Guillaume,Journaliste,Silence
Garbownik,Pierre,Rédacteur en chef,Les Surdoués / PGA Médias
Gardette,Hervé,Rédacteur en chef,(à titre personnel)
Garot,Blandine,Journaliste,
Garré,Coline,journaliste,quotidien du médecin
Garric,Audrey,Journaliste,Le Monde
Garrigues,Arnaud,Journaliste,La Gazette des communes
Gascoin,Patrice,Journaliste-auteur,France Bleu
Gaspar,Romain,Journaliste,La Gazette des communes
Gasser,Kévin,Journaliste pigiste,
Gaubert,Camille,Journaliste Santé-biologie,Sciences et Avenir
Gault,Florence,Journaliste,indépendante
Gaunet,Aurélien,Chef de projets biodiversité,Groupe Ornithologique du Roussillon
Gauthier,Cécile,journaliste rédactrice,France 3 Nouvelle-Aquitaine
Gautier,Elsa,Journaliste,Pigiste
Gautier Mignot,Odile,Journaliste,Indépendante
Gavalda,Geoffrey,Journaliste,Midi Libre
Gavinet,Elsa,étudiante,École de journalisme de Sciences Po
Gay,Eléonore,"Présentatrice de « Nous, les Européens »",France Télévisions
Gayrard,Cécile-Jeanne,Rédactrice en chef,Hummade
Gazeau-Marchand,Antoine,Rédacteur en chef,BRIEF
Geiselhart,Dan,"Journaliste, cofondateur",Climax
Gélot,Hélène,Rédactrice environnement,Science & Vie Junior
Genet,Cyrille,Journaliste rédacteur,France Télévisions (France 3)
Genicot,Damien,Journaliste,Agence Europe
Geoni,Léon,Journaliste/Photographe pigiste,Freelance
George,Camille,Redactrice en chef,Daf Magazine
Georget,Philippe,Journaliste,France 3 pays catalan
Germain,Isabelle,Directrice de la rédaction,LesNouvellesNews.fr
Geyer,Roman,Reporter vidéo,Neo.tv
Ghemzi,Nadjet,Journaliste et Réalisatrice,
Ghezzani,Francesca,Giornalista,Well Tv
Ghironi,Thibaut,Journaliste,BFM DICI
Giaccone,Loïc,"Journaliste, doctorant","Freelance, Georgetown Environmental Justice Program"
Giacinti Bretagnon,Fanny,Rédactrice en chef,2ACR
Giacometti,Théo,Photographe,Hans Lucas
Gicquel,Marco,Journaliste jeune,Marco Investigation
Gilabert,Christelle,Journaliste,Indépendante
Gilbert,Naïg,Chargée de communication,École Shamengo
Gilbert,Claudine,Grand reporter,France Télévisions
Gimberg,Lucile,Journaliste reporter,RFI
Ginestière,Nicolas,Étudiant en journalisme,Institut Pratique du Journalisme
Ginibrière,Gaëlle,Journaliste,JRP
Giorgi,Charlotte,Autrice et podcasteuse,Motus le média
Girard,Pierre Girard,journaliste et vidéaste scientifique,"ARTE, TousTerriens"
Girard,Mathieu,Journaliste,Côté Caen
Girard-Blanc,Noé,Journaliste,Indépendant
Girardin,Isabelle,journaliste rédactrice,France3
Giraud,Valentin,Journaliste,La Nouvelle République du Centre Ouest
Giraud,Baptiste,journaliste,La Clé des Ondes
Giraud,Marc,Écrivain et chroniqueur radio,"Delachaux et Nestlé, Europe 1"
Gireau,Adèle,Rédactrice,FemininBio
Gloor,Noémi,Journaliste,La porte à côté
Godet,Raphaël,Journaliste,France Info
Goethals,Nancy,Journaliste,Cathobel
Goethals,Nancy,journaliste multimédia,Cathobel
Goldminc,Myriam,Journaliste,Plantes et Santé Echo bio membre desJNE
Golla,Mathilde,Journaliste,Novethic
Gollot,Claire,Secrétaire de rédaction – rédactrice,We Demain
Gomez,Ariel,rédacteur en chef,Smart City Mag
Gonzalez,Romain,Journaliste,Le Point
Gorbatko,Nadia,Journaliste,Actu-Environnement
Gorius,Aurore,Journaliste,LesJours.fr
Goron,Jean-Philippe,Responsable pédagogique,ESJ LILLE
Gouhier,Stéphane,Rédacteur graphiste,Phosphore
Gouin,Simon,Journaliste,Grand-Format (magazine normand en ligne)
Gouin,Jean Michel,journaliste,la nouvelle république
Gouja,Yousra,Journaliste,"Journaliste indépendante (je travaille pour Business Immo, la Lettre de l’Audiovisuel, TRT mais je ne préfère pas vraiment préciser, je signe en mon nom)"
Goujon,Olivier,Journaliste auteur,Indépendant
Goupil,Philippe,Directeur Général,Decisions durables
Gourdin,Florian,Étudiant en deuxieme année de Master à l’institut de journalisme de Bordeaux Aquitaine (IJBA),Institut de journalisme de Bordeaux Aquitaine
Gourillon,Régis,Journaliste et responsable de formations,Université France Télévisions (Université d’entreprise)
Gourmelon,Yves,Journaliste,Ouest-france
Goutany,Helene,Journaliste indépendante,
Gouty,Félix,Journaliste,Actu-Environnement – Cogiterra
Gouville,Willy,Journaliste,France 2
Gouyen,Anne-Sophie,rédactrice en chef,séquences bois
Goyer,Laurane,Journaliste en formation,IUT de Lannion
Gracia,Mathilde,Journaliste,France Info
Grainville,Izïa,Réalisatrice,OPSR Média
Grammont,Stephane,rédacteur en chef,France Télévision – France 3
Granja,Christelle,Journaliste,"Libération, Socialter, U&Rica"
Gratian,Paul,Journaliste,Ouest-France.fr
Graveleau,Severin,Journaliste,Le Monde
Graziani,Solange,Journaliste,France 3 Corse Via Stella
Grépinet,Esteban,Étudiant et pigiste,
Gressier,Louise,Journaliste,Tony Comiti Productions
Grieco,Olivier,Direction d’antenne,Cause Commune – Paris 93.1FM
Grignon,Marie-Emmanuelle,Journaliste,Eco-Bretons
Grinda,Benjamin,rédacteur,La Marseillaise
Gringoire,Jean-François,rédacteur en chef,Francetélévisions
Groison,David,redacteur en chef,phosphore et we demain 100% ado
Gros,Jean,Journaliste,VertBleuJaunemédia
Grosjean,Stéphanie,Journaliste freelance,Podcast L’Instant Papillon
Groult,Charles Henry,Journaliste,
Gruber,Françoise,Journaliste,Indépendante
Guedj,Léa,Journaliste pigiste,"Reporterre, Blast, Radiofrance, Radio Nova…"
Guégan,Yann,Journaliste,Contexte
Guelff,Pierre,Journaliste-Chroniqueur,Fréquence Terre et Morale Laïque Magazine
Guelff,Pierre,Journaliste-Chroniqueur,Fréquence Terre-Morale Laïque Magazine
Guenee,Pascal,Président,Conférence des écoles de journalisme (CEJ)
Guénée,Pascal,Membre du Conseil Exécutif,Conseil Mondial des Ecoles de Journalisme (WJEC)
Guénée,Pascal,Directeur,Institut Pratique du Journalisme de l’Université Paris Dauphine-PSL (IPJ)
Guerineau De Lamérie,Nina,Journaliste pigiste,Libération (entre autres)
Guérou,Claire,Journaliste scientifique pigiste,Fleurus Presse et Disney Magazines
Guerre,Clement,Journaliste,RCF Bordeaux
Guibert,Pauline,Alternante,Capital (prisma média)
Guichardon,Laurent,Photographe,Indépendant
Guichet,Lucile,Journaliste,France Télévision pôle Polynésie
Guignard,Florent,Directeur du journal Le Drenche,Le Drenche
Guilbert,Thomas,Secrétaire général de rédaction,Publihebdos
Guillard,Clara,Journaliste,AFP
Guillas,Nicolas,Journaliste,Indépendant
Guillemain D’echon,Emmanuel,Journaliste,Pigiste
Guillemot,Hervé,Journaliste honoraire,Ex RFI
Guillomon,Victoria,Journaliste et auteure,Nouvel Œil
Guillon,Noëlle,Journaliste scientifique indépendante,"Pour la Science, Futura, Que Choisir, Parresia"
Guillonneau,Clément,Étudiant en école de journalisme,École de Journalisme de Cannes
Guilyardi,Catherine,Journaliste auteur « Que feriez vous si vous saviez ? »,Éditions Le Pommier
Guin,Alexandre,Journaliste,France 2
Guirec,Flécher,Journaliste,Le Télégramme
Guitton,Théo,Journaliste stagiaire,Fréquence Sillé
Guiyanbe Vawandi,L’urgence Écologique Est Un Fléau Mondiale D’où Le Monde Du 21e Siècle Et Entraîne De Subir.le Climat Nous Compliqué La Situation Vie .ici Au Tchad Nous Avions Enregistrer Une Grande Taux De Pluie Qui À Cause De Nombreuses Inondations Dans La Ville.amis Aujourd’hui Il Fait Fait Énormément Chaud.le Dérèglement Climatique Met L’univers En Difficulté.l’urgenc Écologique Nécessité Une Réunion D’urgence De Grande Puissance.,Étudiant en communication L3,Campus plume
Gutierrez C.,Nicolas,Journaliste scientifique,Journaliste indépendant
Guyonnet,Paul,Journaliste,Le HuffPost
Haas,Hugo,Journaliste environnement et ingénieur spécialisé en énergie,Indépendant et Observatoires des énergies renouvelables
Hadjadji,Nastasia,Journaliste indépendante,
Hainaut,Julie,Journaliste indépendante,Journaliste indépendante
Halliez,Juliette,Journaliste vidéo,Le Parisien
Haltz,Adele,Journaliste réalisatrice,Variable
Hameau,Thierry,Reporter,Ouest-France
Hamelin,Julien,Journaliste,Independant
Haméon,Julie,journaliste,Pigiste
Handweiler,Valérie,Journaliste,indépendante
Handyside,Gillian,Journaliste,AFP
Hanyu,Noriko,Journaliste indépendante,
Hardoy,Matthias,Rédacteur spécialisé,
Hauraix,Samuel,Journaliste,Indépendant
Havard,Anne-Lise,Journaliste réalisatrice,Indépendante
Hazard,Camille,Journaliste,Paris Match
Hebbache,Loïc,Journaliste,Free-lance
Hecht,Richard,journaliste honoraire,journaliste honoraire
Heimburger,Florence,Journaliste,"Curieux.live, Top Santé, Vital, Rue89 Bordeaux"
Helain,Elisa,Journaliste – Realisatrice,Je suis free lance
Hélénon,Camille,Journaliste et documentaliste,Indépendante (pigiste)
Hemar,Sophie,Journaliste reporter d’images,France 3 Bourgogne
Hénaut,Frédérique,adjointe service société France 2 France 3,France Télévisions
Hendrikx,Laura,Journaliste,60 millions de consommateurs
Henin-Tranvouez,Jean-Philippe,Rédacteur en chef,France 3 Bourgogne
Hennequin,Julien,Journaliste,Indépendant
Henry-Castelbou,Anne,Journaliste,Radio RCF
Heraud,Béatrice,journaliste,pigiste
Herin,Laurent,Pigiste,Corse Matin
Herlem,Jordan,Journalistd indépendant,OPSR Média
Herman,Rachel,Journaliste,La Nouvelle République
Hermann,Luc,Président producteur,Premières Lignes
Hernandez,Valérie,Directrice de publication,LOKKO
Hertu,Elodie,Correspondante locale de presse,Indépendante
Hervier,Sébastien,Journaliste,Sud Ouest
Hervot,Charlotte,Journaliste,Pigiste
Hess,Virgilia,Journaliste météo,BFMTV
Hess-Fernandez,Gabriele,Journaliste scientifique – rédactrice en chef,Freelance – Arte -m
Hessabi,Elisa,Etudiante,École de Journalisme de Cannes
Hiard,Florent,Journaliste,La Côte (Suisse)
Hilssone Lévy,Virginie,Journaliste et présentatrice météo,Radio france / BFM TV
Hirsch,Didier,Photographe,Hortus-focus
Ho Hoa,Julie,journaliste,La Montagne Centre France
Holubowicz,Gerald,Chef de produit,indépendant
Horizon(s),Nan,,"Horizon(s), le mag local écologique et social"
Hosatte,Jean-Marie,"Photo reporter, journaliste","Gamma, Rea, Leemage"
Hosebian-Vartanian,Sevan,Journaliste,L’Impartial de la Drôme
Hossa,Delphine,Journaliste,Bayard Service
Houcine,Margaux,Journaliste,indépendante
Houot,Géraldine,Journaliste,"Observatoire des énergies renouvelables, La maison écologique, La Croix"
Houssais,Sylvie,Éditrice et directrice de publication,L’APT magazine & numérique
Huard,Jean-Sébastien,journaliste,Virgin Radio Régions
Hubert,Justine,Étudiante en journalisme – futur journaliste,École IICP
Hubinet,Nina,Journaliste,indépendante
Huby,Chris,Journaliste,"Freelance / Arte – France 24 – Le point – Guardian, etc"
Huet,Grégoire,Journaliste,Indépendant
Hufnagel,Frédérik,Rédacteur en chef,AirZen Radio
Humeau,Bernadette,Journaliste,RCF
Humeco,(media),Media,Organisation
Hunsinger,Véronique,rédactrice en chef adjointe,Le Quotidien du médecin
Hurcy,Camille,étudiante en journalisme,IJBA
Idres,Romane,Journaliste,France Télévisions
Imatte,Hélène,Journaliste,Indépendante
Isnard-Dupuy,Pierre,Journaliste indépendant,Collectif Presse-Papiers
Issartel,Dominique,Grand reporter,L’Équipe
Jacob,Morgane,Journaliste,
Jacot Normand,Géraldine,"Cheffe de la rubrique Suisse, actualité TV",Radio Télévision Suisse
Jacq,Frédéric,Journaliste rédacteur,Le Télégramme
Jacquemard,Etienne,Journaliste – Rédacteur en chef adjo,France Tv
Jacques Le Seigneur,Vincent,Directeur de la rédaction,Observ’ER
Jacquinot,Olivier,Rédacteur pigiste,Divers titres
Jaglin,Maxime,Journaliste présentateur,France 3 Pays de la Loire
Jambot,Steven,Journaliste,RFI
Jamet,Marie,Journaliste,Euronews
Jannic-Cherbonnel,Fabien,Journaliste,Franceinfo.fr
Jannin,Blandine,Journaliste,RCF Bordeaux
Jaussent,Violaine,Journaliste,Franceinfo.fr
Jeanneau,Laurent,Dir de la rédaction,Alternatives Economiques
Jédor,Sébastien,Journaliste,RFI Radio France Internationale
Jehanno,Emilie,Journaliste,20 Minutes
Joanin,Victor,Redacteur-reporter,RMC
Joly,Guillaume,Rédacteur en chef,Les Horizons
Joly,Alexandre,Responsable du Pôle Energie,Carbone 4
Jones-Gorlin,Noé,Étudiant,Aucun
Joseph,Marion,Rédactrice en chef,Astrapi (Bayard Presse)
Josse,Guillaume,Directeur de la publication,Futura
Joubeau,Antoine,Journaliste,France Télévisions
Joubert,Alexandre,Chef d’entreprise,Baeta Labs
Jourdan,Camille,Journaliste,Pigiste
Jouve,Charlotte,Co-fondatrice,Toasty
Joyeux,Benjamin,Journaliste indépendant,"Librinfo, Heidi News…"
Kabuyaya,Ismaël,Journaliste,congo-uni.com
Kalioris,Dimitri,Journaliste,Hortus Focus
Kalouguine,Tatiana,Directrice pédagogique,École des métiers de l’information (ÉMI)
Kanté,Vinz,Journaliste,LIMIT MEDIA – RTBF
Karaiskos,Isabelle,Journaliste,Pigiste
Kawanda,Badylon,Journaliste Rédacteur en chef,www.newsblogworld.info
Kerfa,Linda,Journaliste,M6
Kerinec,Moran,Journaliste,Pigiste
Kerléo,Anne,Journaliste – Rédactrice en chef écologie,RCF
Khayat,Raphaël,Journaliste radio,Maritima Médias
Khosla,Oscar,Journaliste apprenti,Babel Doc – CFJ
Khosrovchahi,Ariane,Journaliste,Citywire
Kiennemann,Lise,Etudiante en journalisme,École de journalisme de Sciences Po
Kiezer,Willy,Journaliste indépendant,Ni Bu Ni Connu
Klaus,Enrique,Maître de conférences,Ecole de journalisme de Cannes
Kloetzli,Sophie,Journaliste indépendante,"Usbek & Rica, Socialter"
Koch,Marjolaine,journaliste,Membre du collectif de presse Extra Muros
Konitz,Jonathan,Journaliste,Pigiste
Körösi,Suzanne,réalisatrice de films documentaire,Les films du réveil
Kouchner,Alexandre,Rédacteur en chef,L’ADN – Le Shift
Kovacs,Émilie,Rédactrice en chef,TheGood.fr
Kpogodo,Minsaily,Directeur de Publication,Le Mutateur
Kuassi,Inès,Directrice,Planète Terre à Terre Tv
Kubicki,Morgane,Rédactrice en cheffe,Financité magazine
L’esprit,Libre,Organisme à but non lucratif,L’Esprit libre
La Blanche,Eric,journaliste auteur scénariste,Éditions Michel Lafon – Éditions le Lombard – Éditions First – Éditions Delachaux & Niestlé
La Maison Écologique,La Maison Écologique,Bimestriel de l’éconstruction,La Maison écologique
Laberenne,Lucas,Journaliste,Le Républicain d’Uzès
Laboucarie,Sandra,Journaliste presse jeunesse,pigiste
Labrousse,Camille,Journaliste reporter,France Bleu Vaucluse
Lacroix,Lydie,Journaliste-rédactrice (content manager),Parlons RH
Lacroix,Jean François,Red chef – fondateur,OFFTRACK MAGAZINE
Lacroux,Margaux,Journaliste,Libération
Laemmel,Christian,Grand reporter,France 3 Alsace
Lafaurie,Lise,Journaliste pigiste,"Doctissimo, Santé Magazine, Medisite"
Lafon,Cathy,Journaliste Chef du service Documenation,Sud Ouest
Lagorce,Bertille,Journaliste,AFP
Laison,Fanny,Journaliste,Indépendante
Lalli,Audrey,Pigiste,Télévision
Lallouët-Geffroy,Julie,journaliste,
Lambert,Olivier,Auteur-Réalisateur-Producteur,Lumento
Lambin,Emilie,Journaliste,Indépendante
Lamiable,Christine,Rédactrice,Pigiste
Lamothe-Simon,Marie,Étudiante,UQÀM
Lamoureux,Marine,Cheffe de rubrique environnement,La Croix
Lancien,Olivier,Journaliste,Guadeloupe
Landais-Barrau,Pauline,Journaliste,CNEWS
Lang,Dominique,Journaliste SGR,LE PELERIN
Lang,Céline,Journaliste,France 3 Grand Est
Lang-Roth,Cédric,Rédacteur en chef,France Bleu Normandie (Seine-Maritime et Eure)
Lanier,Thomas,"Journaliste editeur et redacteur web, social manager, producteur radio","Le Dauphiné Libéré, RCF"
Lannoy,Jean,Journaliste,1RCF Belgique
Lanté,Agathe,journaliste réalisatrice,independante
Laouamen,Marion,Correspondante TF1 en Inde et en Asie,TF1
Laperche,Dorothée,journaliste,Actu-Environnement
Lapierre,Philippe,Journaliste,Radio SCOOP
Laquerre,Jeannette,Journaliste,Okapi (groupe bayard)
Laramée De Tannenberg,Valéry,Rédacteur en chef,L’Usine à GES
Laromiguière,Oriane,Journaliste,indépendante
Larvor,Loeiza,Journaliste,Journaliste pigiste
Lasota,Julien,photographe,Agence Hans Lucas
Launay,François,Journaliste,Indépendant
Laure,Verneau,Journaliste indépendante,"Le Monde afrique, RFI, AFP"
Laurence,Estival,Redac cheffe,RSE DATANEWS
Laurent,Anthony,Rédacteur en chef,Sciences Critiques
Laurent,Maxime,Étudiant,CFJ
Laurent,Maria,Secrétaire de rédaction,Okapi
Lautier,Nathan,Journaliste,
Laval,Florian,Directeur de la publication,Revue Far Ouest
Lavorel,Raphaëlle,Journaliste,
Layac,Carole,Journaliste pigiste / Enseignante,M6 / BFMTV / IJBA
Le Borgne,Brice,Journaliste,franceinfo.fr
Le Bot,Julien,"Journaliste, auteur-réalisateur et responsable innovation",Samsa.fr + Indépendant
Le Braz,Eric,"Journaliste, formateur,","Podcast A la vie, à la mort"
Le Calvez,Sylvie,Directrice de publication,Magazine Village
Le Coz,Clothilde,,Journalisme et Citoyenneté (Les Assises internationales du journalisme)
Le Dantec Isma,Isma,Journaliste,"Pigiste (trax, socialter, pioche…)"
Le Gall,Sophie Le Gall,Rédactrice en chef,Cash Investigation
Le Galliot,Eponine,Journaliste,Maze
Le Guen,Viviane,Journaliste,France Bleu
Le Moal,Naëlle,Journaliste éditrice,La Nouvelle République
Le Morvan,Murielle,Journaliste,France 3 Bretagne
Le Nigen,Valérie,Journaliste,"France Bleu Breizh Izel, Unmondemeilleur.info"
Le Rest,Maud,Journaliste et autrice,Indépendante
Le Toquin,Ulysse,Apprenti journaliste radio,Radio France
Le Touze,Angélique,Journaliste scientifique,Pigiste
Le Zoom,Radio,Émission radio,Radio Pulsar
Leblond,Justine,Journaliste pigiste à l’étranger,
Lebreton,Fred,Journaliste,Remaides
Lec’hvien,Julien,Journaliste,Chut! (en alternance) et CFPJ
Leca,Christel,journaliste,pigiste environnement
Leclerc,Maxime,Journaliste,France 5 – « C ce soir » & « C Politique »
Leclercq,Benjamin,journaliste,pigiste
Leclercq,Marion,Journaliste réalisatrice,Independante
Leclere,Calvin,Journaliste,
Lecoeuvre,Claire,Journaliste et autrice,"Pigiste pour Le Monde diplomatique, Philéas et Autobule"
Lecointe,Gaetan,Journaliste,TF1
Lecot,Julien,Journaliste,Libération
Leduc,Alban,Étudiant journalisme,ESJ Lille
Lefèvre,Ambre,Journaliste,Ouest-France
Leforestier,Jean-Marie,Rédacteur en chef,Marsactu
Lefrançois,Léo,Journaliste,Radio Parleur
Legrand,Thomas,Journaliste,France Inter et Libération
Legrand,Agathe,Journaliste pigiste,Radio France
Legras,Gaël,Journaliste reporter,28 minutes sur Arte
Leibovici,Pierre,Journaliste,Mediacités
Lemaire,Jade,Journaliste,Transrural initiatives
Lemaire,Roxane,Journaliste,"Micros-rebelles, webradio indépendante du bassin minier"
Lemieux,Raymond,Éditeur et journaliste,Éditions MultiMondes
Lemoine,Thomas,Journaliste,20 Minutes
Lénée-Corrèze,Maud,rédactrice,Le Chasse-Marée
Lenrouilly,Juliette,Rédactrice en chef,NOWU
Léon,Morvan,Journaliste rédacteur,Le Télégramme
Leotard,Corentin,Journaliste,Le Courrier dEurope centrale
Lepage,Yannick,journaliste,Courrier de Portneuf
Lepape,Clément,Journaliste scientifique,Universcience
Leplat,Grace,Journaliste radio,Natif
Lerat,Julie,Journaliste/réalisatrice,Indépendante
Léraud,Inès,journaliste,indépendante
Lerayer,Pierre-Yves,Journaliste,Indépendant
Lerouge,Stéphanie,journaliste,AFP
Lerouge,Isabel,Journaliste rédactrice JRI,France Télévisions
Leroux,Solène,Journaliste,Pigiste
Leroy,Peggy,Realisatrice,France TV
Leroy,Val,Journaliste,Pigiste
Leroyer,Adonis,Étudiant en journalisme,ESJ
Lesaffre,Philippe,journaliste Transition écologique et cofondateur,Le Zéphyr
Lesaffre,Clément,Auteur-producteur de podcasts,Paradiso Media
Lescuyer,Thibault,Journaliste,TSM magazine
Lestavel,Thomas,Journaliste,Pigiste Figaro L’Express
Lesurf,Léa,Journaliste,Circuits Bio
Letard,Sébastien,Responsable d’edition,franceinfo tv
Leturmy,Brieuc,Étudiant,Ecole de Journalisme de Cannes
Leussier,Héloïse,Journaliste,Indépendante
Leveau,Haron,Étudiant,IUT de journalisme de Cannes
Levent,Frédéric,Journaliste,L’écho républicain (groupe Centre France)
Levesque,Catherine,Journaliste-Auteure,Alula
Levray,Nathalie,"Journaliste, rédactrice pigiste",La Gazette des communes
Levresse,Estelle,Journaliste,Correspondante Russie
Levy,Jerome,Journaliste,freelance
Libault De Souza,Neïde Olívia,Rédactrice en chef,https://www.regardinfos.com
Ligny,Sylvie,Directrice de rédaction,Garden_Lab
Liogier,Rémi,Journaliste,Gomet’
Lloyd,Marc,MEDIA,SWILE
Locret-Collet,Martin,Chercheur et reporter,Indépendant
Loison,Vincent,Photo-journaliste,Pigiste
Loizeau,Auriane,Journaliste télé,Correspondante en Espagne : Arte – France 2 – RTS
Loizeau,Catherine,Journaliste redactrice,Bayard Presse
Lombarteix,Inès,Journaliste,Radio B
Longeroche,Margaux,Journaliste,Institut de journalisme de Bordeaux-Aquitaine
Longuet,Valentin,Journaliste,journaliste rédacteur
Lopes,Geoffrey,Journaliste,TF1info
Lopez,Marie-Hélène,journaliste,"ICI, tout va bien -journal numérique-"
Lopez,Marie-Hélène,Rédactrice en chef,"Journal numérique ICI, tout va bien"
Loretan,Joëlle,Journaliste indépendante,Journaliste indépendante
Lorton,Patrice,Directeur de la rédaction,CAPA
Lostys,Xavier,Secretaire de redaction,Bayard service
Louandre,Adrien,(en train de changer),"RCF, pigiste à la Vie."
Louapre,Thomas,Photographe,Pigiste
Loubet,Célia,Journaliste,Le Dauphiné libéré
Louise,Audibert,Journaliste pigiste,SoPress
Loumé,Lise,Rédactrice en chef adjointe,Sciences et Avenir
Lubrano,Jeff,Producteur animateur,"Bien Mieux, RCF Normandie"
Ludosky,Priscillia,Activiste et Cofondatrice de LLC,La Ligue Citoyenne
Luneau,Sylvie,Journaliste environnement,La Gazette des communes (groupe Infopro digital)
Luneau,Gilles,Rédacteur en chef,GLOBALmagazine
Luneau,Aurélie,Journaliste,Radio France / France Culture
Macdonald,Alastair,Rédacteur en chef,WoW! News
Machu,Gilles,Rédacteur en chef,France 3 Occitanie
Madesta,Tal,Journaliste spécialisé sur les enjeux féministes et LGBTI,Indépendant
Magat,Yves,Journaliste indépendant,Subjectif Productions – Genève
Magdelaine-Bouche,Fanny,journaliste pigiste,La Croix
Magliano,Aude,Web,ARBRES Pour Changer la Loi et mieux les protéger
Maguin,Yves,Podcasteur et animateur radio,Génération Éco & Radio G!
Maillard,Ugo,Journaliste,Actu.fr
Maire,Anne-Laure,Journaliste rédactrice pigiste,Divers
Malandain,Hélène,Employée de commerce,Radio France inter
Malin,Isabelle,journaliste,France Télévisions
Mallet,Ooo,Directrice,Radio Nova
Mandil,François,"Chroniqueur, membre du Conseil éditorial",RCF
Mangado,Sophie,Journaliste indépendante,Indépendante
Mangin,Claude,infographiste (ouvrier d’images),France tv (France3 Grand Est-Nancy)
Mangon,Angélique,Journaliste indépendante,"La tribu du vivant, La Maison écologique, Village Magazine"
Manier,Bénédicte,Journaliste et autrice,"AFP, Alternatives économiques"
Mansuy,Anthony,Journaliste,Society
Mantelet,Juliette,Journaliste indépendante,Nous Fomo
Mapenzi,Abdallah Patrick,Journaliste reporter,http://www.laprunelleverte.com et http://www.laprunellerdc.info
Maradan,Isabelle,Journaliste,Pigiste
Marbot,Natacha,Journaliste,lepetitjournal.com
Marc,Nicolas,Editeur,La Scène
Marchand,Sophie,Rédactrice en chef,Radio nova
Marchetti,Marina,Présidente,TVDICI
Marfella,Mélany,"Responsable éditorial, journaliste",Indépendant
Marin,Matthieu,Journaliste,Ouest-France
Marius,Rivière,Journaliste Indépendant,Collectif Presse Papiers
Marquis,Claire,Photographe,Vivant le média
Martin,Rebecca,Cheffe d’édition,France 24
Martin,Julia,Journaliste présentatrice,France Télévisions
Martin-Brodzicki,Lucas,Journaliste pigiste,"Rue89Lyon, La ZEP, l’Humanité"
Martineau,Jean-Christophe,Journaliste,NOTRE TEMPS
Martinez,Jessica,Journaliste,Culot (média en ligne Culot Creative)
Martinez,Angélique,Journaliste,France 3 Nouvelle Aquitaine
Marty,Emmanuel,Maitre de conférences,Ecole de Journalisme de Grenoble – Univ. Grenoble Alpes
Massieu,Sophie,Journaliste,Pigiste
Masson,Delphine,Journaliste,Indépendante
Mathé,Gaspard,journaliste,La Nouvelle République
Mathieu,Benjamin,journaliste,Radio France
Mathieu,Thierry,Président fondateur agence » e-crossmedia «,e-crossmedia
Mathorel,Sandra,Journaliste rédactrice,Investir Les Échos
Matteucci,Luca,Étudiant,EDJ Sciences Po
Matty,Marius,"Journaliste, vice-président de Combat Le Média",Combat Le Média
Mauclaire,Quentin,Journaliste,Freelance
Mauhourat,Maxime,Etudiant à l’Ecole du Journalisme de Nice,EDJ Nice
Maurer,Matthieu,Journaliste,l’ADN
Maurin,Agnes,Directrice,Club presse Occitanie
Mayer,Sylvie,"responsable environnement puis Economie sociale et solidaire du PCF, membre des JNE","Commission nationale <ESS/PCF Cause commune, l’ Humanité, l’HD…"
Mayer,Nathalie,Journaliste,Histoire(s) de savoir(s)
Mayer,Marion,Journaliste,Pigiste
Mayo,Carine,Journaliste,Journalistes-écrivains pour la nature et l’écologie (JNE)
Mayo,Marielle,JOURNALISE SCIENTIFIQUE,"PIGES POUR LES CAHIERS DE SCIENCE & VIE, SCIENCE & VIE, GÉOMÈTRE…"
Mazerolle,Jean-Michel,grand reporter,france télévisions
Méda,Dominique,Professeure d’Université,Université Paris Dauphine
Meeschaert,Pascale,Rédactrice en chef,"L’eau, l’industrie, les nuisances"
Meignan,Géraldine,Journaliste,Journaliste indépendante
Meletti,Rosangela,Publisher,Standall Magazine
Mellier,Anne,Journaliste,pigiste
Menand,Elise,Journaliste,France 2
Ménard,Léa,Journaliste,Libération
Mendieta,Santiago,directeur de la publication,"Revue Gibraltar, Un Pont entre deux Mondes"
Mennesson,Eve,Journaliste rédactrice/podcasteuse,Pigiste
Menvielle,Virginie,journaliste,indépendante
Mercier,Marion,Journaliste,Franceinfo TV
Mercier,Thomas,Journaliste,Pigiste
Mercier,Lara,Journaliste,Astrapi
Mérel,Eulalie,Etudiante,Ecole de journalisme de Cannes
Meresse,François,Responsable,blonde.media
Merle,Barbara,Journaliste,Var Matin / Consultor.fr
Mermilliod,Séverine,Journaliste,Indépendante
Meslet,Emilio,Journaliste au service Planète,L’Humanité
Mestre,Damien,Journaliste reporter,Radio France / Socialter
Métairie,Lucas,etudiant et pigiste,EJC et Nice Matin
Meunier,Esther,Journaliste,NOWU
Meyer,Charlotte,Rédactrice en chef,Combat Le Média
Miallier,Amandine,Journaliste,Indépendante
Michal,Mathieu,Président,Portemire
Miguet,Laurent,Chef de service Transition écologique et collectivités locales,Le Moniteur des TP et du Bâtiment
Mikoczy,Alban,Correspondant à Rome,France Televisions
Milhet,Jc,Photojournaliste,Hans Lucas
Miller,Marine,Journaliste,Le Monde
Mingam,Béatrice,Journaliste,Pigiste
Mingué,Lionel,Journaliste en santé et environnement,CRTV chaîne de radiodiffusion nationale du Cameroun
Mitanne,Inès,Etudiant en journalisme,EJDG
Mitoyen,Juliette,Journaliste,Ebra Presse
Mittet-Magnan,Corentin,Étudiant en journalisme,ESJ Lille
Moisan,Dorothée,Journaliste,Freelance
Mollé,Nicolas,Rédacteur en chef,La Lettre du Spectacle
Mondi,Alisation,Fondateur,Mr Mondialisation
Mondon Samit,Laurence,Journaliste,La Nouvelle République du Centre Ouest
Mongibeaux,Charlotte,journaliste,
Monin,Lisa,Journaliste-réalisatrice,Babel Doc
Monnet,Catherine,Rédactrice en chef,Reporters sans frontières (RSF)
Monnier,Emmanuel,"Journaliste, président de l’agence de presse Les Chemineurs",Les Chemineurs
Monod,Olivier,Journaliste,Liberation
Montcel,Ségolène,Journaliste indépendante,"Nous Fomo, My Little Paris, mūsae"
Montégut,Olivier,Rédacteur en chef adjoint,AirZen Radio
Monteil,Florence,CHEF DE SERVICE CULTURE,NOTRE TEMPS
Montelon,Mathis,"Journaliste, chroniqueur radio, correspondant local","Radio Campus Montpellier, Midi Libre, Youth For Climate"
Monteux,Agnes,Cheffe adjointe service société rédaction FTV,France Télévisions
Montfort,Clement,Realisateur,42 Production – NEXT
Montibus – O’sullivan,Lucie,Journaliste Radio,RCF Limousin
Morand,Isabelle,Directrice de la Rédaction,Hortus Focus
Morel,Vincent,Journaliste,Indépendant
Morel,Pierre,Photojournaliste,Pigiste
Morel,Agnes,Journaliste,Pigiste
Morgana,Marion,Rédactrice,Dauphiné Libéré
Morghadi,Amélia,Journaliste/rédactrice,Pigiste
Morin,Jérôme,Journaliste,Le Progrès
Moritz,Paloma,"Journaliste, responsable du pôle écologie",Blast
Mortelette,Alexis,Secrétaire général,SNME CFDT – Syndicat national des médias et del’écrit
Mortelmans,Marc,Créateur des podcasts Baleine sous Gravillon,Baleine sous Gravillon
Morvan-Smith,Soraya,Journaliste,France 24
Mouillard,Philippe,Directeur de la Publication,Bio à la une.com
Moullot,Pauline,Journaliste agriculture,Libération
Mouttet,Jean-Baptiste,Journaliste (directeur de publication),Mediavivant
Mouvet,Julie,Journaliste,Compose
Mouvet,Julie,Rédactrice en chef,kingkong
Moylen,Valentin,Journaliste,franceinfo
Mugnier,Marine,Journaliste,Collectif Antidotes
Mugnier,Romane,Journaliste,L’ADN
Munoz,Alicia,Journaliste,Mediabask
Muratet,Christine,Journaliste RFI,Red chef adjoint coordination environnement Rfi
Musabyimana,Jean Baptiste,Journaliste,Association des Journalistes Agricoles du Congo
Muscat,Bruno,Chef de rubrique,Astrapi
Musset,Laurie,Journaliste,Pigiste
Mwenyemali,Germain,Directeur,Radio Communautaire de Masisi
Nabat,Agnes,Journaliste reporter,"Free-lance pour Arte, France 5, France 3"
Nabédian,Chloé,Journaliste spécialisée météo/climat,France 2
Nantel,Mélina,Journaliste indépendante,Association des journalistes indépendants du Québec
Narpon,Maël,Journaliste,lepetitjournal.com
Natalizi,Audrey,"Journaliste, adjointe au chef du service des correspondants régionaux de France télévisions",France télévisions
Naulin,Sidonie,Enseignante-chercheuse,École de journalisme de Grenoble
Naulin,David,Journaliste en Formation CFPJ,Cdurable.info
Navaro,Ilana,réalisatrice,freelance
Neboit,Zoé,Journaliste,Politis
Nenkov Le Junter,Caroline,Grand Reporter/ Présentatrice météo climat,France Télévisions
Nepipvoda,Théo,Journaliste,Carenews
Nicol,Julie,planneuse stratégique,l’adn
Nicolas,Bernard,Réalisateur,Indépendant
Nicolazo,Marion,Rédactrice web et illustratrice,Marion Nicolazo
Nicot,Marie,Journaliste,pigiste spécialiste de l’agroalimentaire
Niederer,Jacques,Ecrivain scientifique,https://www.jacquesniederer.fr
Nippert,Aline,Journaliste,Pigiste
Noël,Rachel,Journaliste,"France Bleu, Radio France"
Noiret,Ange,"Météorologue, présentateur météo",TF1-LCI
Nolibé,Martin,Journaliste,Pigiste
Nouaillas,Olivier,Journaliste et auteur de livres sur le changement climatique,JNE
Noualhat,Laure,Journaliste – réalisatrice,"Reporterre, collectif Argos, …."
Nouel,Juliette,Journaliste,Indépendante
Nouguier,Clément,Réalisateur,France Inter
Novel,Anne-Sophie,Journaliste,Freelance
Novethic,Nan,,Novethic
Nowak,Camille,Journaliste,France 3
Noyé,Jean-Claude,Journaliste,"journaliste indépendant, membre des JNE"
Nvita,Félix,Présentateur des émissions,Radio télévision hosanna
Oliveira,Andrea,étudiant journaliste,IUT Lannion
Olivier,Nathalie,"Journaliste, responsable de production de séries vidéo",Le Parisien
Ott,Jean-François,Reporter en charge de l’environnement,Dernières Nouvelles d’Alsace
Ouadia,Dahvia,Rédactrice en chef,L’Etudiant
Ouezman,Stéphanie,Rédactrice en chef,Groupe 2Empower // Média : AuFutur
Outteryck,Clémence,Journaliste,Le Progrès
Ozorai,Aniko,Journaliste,No Télé média de proximité de Wallonie picarde
Pages,Rémi-Kenzo,Journaliste,Le Média
Palmier,Lola,Journaliste,Pigiste
Paquiry,Nithya,Journaliste,Le Soir
Parmentier,Audrey,journaliste,indépendante
Parody,Emmanuel,Secrétaire général du Geste,Geste.fr
Parrot,Clément,Journaliste rédacteur,franceinfo.fr
Parseghian,Marie-Belle,Journaliste Radio,Airzen Radio
Partageot,Hélène,Adhérente,Demain en mains
Pasanau,Jérôme,Journaliste reporter présentateur,AirZen Radio
Pasquier,Louis,Journaliste,Indépendant
Pasquier-Delange,Bernadette,Responsable Multimédia au Master journalisme de Gennevilliers,CY Cergy paris Université
Passard,Fabien,Journaliste pigiste,
Passelac,Anouk,journaliste,pigiste
Pastol,Erwan,Journaliste,Journaliste indépendant. Je collabore notamment à Pour l’éco.
Patriarca,Eliane,Journaliste reporter,freelance
Patton,Loïs,Etudiant en journalisme,ATM – Jonquière
Pauchenne,Arnaud,Journaliste,Indépendant
Pavlik,Sonia,"Journaliste, conseillère éditoriale",Indépendante
Payen,Pauline,Rédactrice,Magazines Youpidoc et Images Doc – Bayard Presse
Péan,Valérie,Rédactrice en chef,"Revue Sesame, éditée par la Mission-Agrobiosciences-Inrae"
Pecquerie,Marie,Journaliste pigiste,–
Pédezert,Emmanuelle,"Ex-Cheffe d’agence Sud Ouest, fondatrice de la Maison écocitoyenne des Landes",
Pedrola,Lucie,Journaliste,RSEdatanews
Peiffer,Florent,DG,Urbania France
Peillon,Milena,Journaliste – Productrice,Galaxie Presse
Peillon,Antoine,Antoine,Longs formats
Pelé,Caroline,"Journaliste Plantes & Santé Magazine, Journalistes-Écrivains Pour La Nature Et L’écologie (Jne)","Plantes & Santé Magazine, Réseau Journalistes-Écrivains Pour La Nature Et L’écologie (Jne)"
Pelisson,René,Editeur et rédacteur en chef,Revue Bimestrielle PLURIEL NATURE
Pellerin-Carlin,Thomas,Directeur du Centre Energie,Institut Jacques Delors
Pellieux,Manon,Journaliste,L’Etudiant
Pena,Christine,Journaliste météo,FranceInfo
Pène-Lassus,Maïlys,Journaliste,Nikkei
Péneau,Caroline,Journaliste environnement,Ca m’intéresse
Penot,Marine,Journaliste,BFMTV
Penouty,Aude,Experte mode durable et créatrice de contenu,Entada Textile
Perrin,Benjamin,Auteur d’une newsletter indépendante,Plumes With Attitude
Perrin,Annabelle,Rédac chef,La Disparition
Perrin,Catherine,rédactrice en chef adjointe,Terre sauvage
Perrin-Reymond,Basile,journaliste web,Ça m’intéresse
Peter,Cyril,Journaliste,Le Moniteur
Petit,Emilie,Journaliste vidéo spécialisée écologie et climat,20 Minutes
Petit,Laurène,Journaliste indépendante,Le Fooding
Petit,Cédric,journaliste,le soir
Petit-Felix,Isabelle,Chargée édition numérique,France 3
Pétoin,Florent,Journaliste/délégué syndical SNJ,Le Populaire du centre
Pettenuzzo,Patrick-Pierre,Editeur,Project Media Gastronomie
Peyronel,Daniel,Journaliste freelance en devenir,Indépendant
Pfann,Pascale,Journaliste Fondatrice,Fact Mundi
Pialot,Dominique,journaliste,Free-lance
Pialot,Julie,Community manager,Okapi magazine et Phosphore magazine (Bayard Jeunesse)
Piard,Sophie,Journaliste Grande Reporter,France TV Rédaction nationale
Piard,Sophie,Grand Reporter,France Télévisions / France 2 et France 3
Pic,Juliette,pigiste tourisme durable,Tourmag
Pichard,Guy,Journaliste,Indépendant
Pichot,Julie,Journaliste réalisatrice,Indépendante
Picot,Léopold,Journaliste correspondant au Canada,
Pié,Jean-Philippe,Journaliste,GreenUnivers
Piel,Antoine,Journaliste,Planet Labor
Pierron,Maud,rédactrice en chef adjointe,Notre Temps
Pigaglio,Rémy,Journaliste,La Croix
Pioger,Tiphaine,Journaliste et auteure,Freelance
Piot,Clément,Journaliste,L’Est éclair
Pioth,Rosie,Journaliste Indépendante,France 24
Piquera,Adrien,Indépendant,Nature Peinture
Piquet,Nicolas,Étudiant,ESJ Lille
Piquet,Charles,Journaliste,Nord Littoral
Piraud-Rouet,Catherine,Journaliste indépendante,Free-lance
Pitelet,Céline,Journaliste présentatrice,BFMTV
Pitrel,François,Journaliste,BFMTV
Planète Bleu Le Mag,France Bleu,Emission,FRANCE BLEU
Plastre,Fabien,Chargé de la diffusion,L’âge de faire
Playoust Braure,Axelle,Journaliste scientifique,Pigiste
Plenard,Frederic,Réalisateur,Association lgsl
Poirier,Anne-Claire,journaliste-pigiste,"Contexte, Vert, Le Canard Enchaîné, Libération, Pour l’Eco,…"
Poirot,Serge,journaliste,ouest france
Pommier,Quentin,Journaliste,Renée Prod.
Poncet,Guerric,Journaliste,Le Point
Pontoizeau,Elise,Journaliste,Indépendant
Popper,Lou-Eve,Journaliste pigiste,"Reporterre, Alternatives Economiques, Le Monde Diplomatique, We Demain, etc."
Postollec,Julie,Journaliste,France Télévisions
Pougbila,Frank,Directeur de publication,Info Nature
Poughon,Raphael,Responsable innovation et coordination RSE,groupe Centre France
Pouillot Ferrand,Emilie,Autrice,Coodyssée Ma Polloche
Pouliquen,Fabrice,Journaliste,20 Minutes
Poumier,Vincent,Secrétaire de rédaction,La Croix L’Hebdo
Poupard,Emmanuel,Président,SNJ
Pouppez,Delphine,Journaliste et chercheuse anthropologue,"Wilfried (revue et coopérative), UCLouvain"
Poustis,Jean,Journaliste Pigiste,France 3 Régions
Pouverreau,Sandrine,Chefcde rubrique culture,Okapi
Prabonnaud,Frédérique,Journaliste Santé,France TV
Pradalié,Dominique,Journaliste,
Prados,Justine,Journaliste,Vert
Prati,Léa,Datajournaliste,franceinfo.fr
Pravaz,Clément,Journaliste,
Prevost,Marie-Aline,Journaliste indépendante,Presse jardin – adhérente à l’association des Journalistes du jardin et de l’horticulture (AJJH)
Prévost,Cécile,Secrétaire de rédaction,La Croix
Prinvil,Smith,rédacteur,Haiti progrès
Prochasson,David,Journaliste,Indépendant
Profession : Pigiste,Nan,,
Prompt,Edwige,Journaliste,Pigiste
Prospero,Benoit,PRÉSENTATEUR,France Bleu
Proust,Claudine,Journaliste,Pigiste
Provost,Lauren,Directrice adjointe de rédaction,Libération
Prudhomme,Coriandre,Ecologue,Pfm radio
Prusak,Lucie,Rédactrice en chef,AEF info
Prusker – Deneuville,Estelle,Enseignant – chercheur,Audencia
Przychodny,Sophie,Réalisatrice,Nouvelle Vague Productions
Puchot,Pierre,Redacteur en chef,Reporters sans frontières
Quartier,Thibault,Rédacteur en chef,Le Trois (www.letrois.info)
Quef,Juliette,Journaliste et directrice de publication,Vert
Queïnnec,Mélisande,Journaliste,France 3
Quenard,Nicolas,Journaliste,NOWU
Quentin,Olivier,Journaliste,France 3 Pays de la Loire
Quentin,Philippine,Étudiante en journalisme,Institut Français de Presse (IFP Paris Panthéon-Assas)
Quilleret,Célia,Journaliste spécialisée Environnement climat énergies biodivesité,Rédaction de France Inter
Quillet,Stenka,Journaliste réalisatrice,Indépendante
Quinio,Nicolas,animateur,http://www.lekiosque.bzh
Quintin,Eric,"Redacteur en chef, producteur",Galaxie Presse
Rabeau,Clémence,Journaliste,France TV
Rabut,Stéphane,Journaliste,Freelance
Racine,Audrey,Présentatrice,France 24
Raclot,Baptiste,Journaliste alternant,ESJ / Charente Libre
Racque,Élise,Journaliste,Télérama
Radenac,Julie,Journaliste,France 3
Radenne,Victoire,Journaliste,Agence CAPA
Radisson,Laurent,Rédacteur en chef délégué aux marchés HSE,ACTU-ENVIRONNEMENT
Raffin,Oriane,Journaliste,Pigiste
Ragot,Mathilde,Journaliste,GEO.fr
Raimbeau,Tess,Iconographe,Libération
Ramarosaona,James,Journaliste,Independant
Ramiaramanana,Tafika,Chief of Staff,Orchid Création
Ramos,Philppe,Gérant,TV4PLANET
Ramos,Philippe,Gérant,TV4PLANET
Randrianarisoa,Fabien,Chef du service audio,BFMTV
Raphel,Juliette,Ingénieure agronome,Elzeard
Rasplus,Julie,rédactrice en chef,franceinfo.fr
Rassat,Emmanuel,Chef opérateur de prise de son,France TV
Raybaud,Agathe,Journaliste,Le Brigadier
Raynaud,Olivier,Dessinateur d’actualité,OLIVIER RAYNAUD
Rebeyrotte,Véronique,Grand Reporter,France-culture
Rebouh,Sarah,Journaliste web,France 3 Franche-Comté
Regis,Mathilde,Journaliste indépendante,Pigiste
Regnier,Xavier,Journaliste,20 Minutes
Reinert,Magali,Journaliste,"Pigiste pour Reporterre, 60 M de conso…"
Reinhardt,François,Auteur réalisateur,Indépendant
Reix,Justine,Journaliste,VICE France
Réméné,Nicolas,Photojournaliste,Le Pictorium
Renard,Jean-Denis,Journaliste,Sud Ouest
Renard,Benoît,Réalisateur de documentaires,Multiples
Renaut,Corentin,Pigiste freelance,Décisions Durables
René–ogier,Valentin,Journaliste,Indépendant / HOP
Rengard,Louis,Journaliste,Indépendant
Renou-Nativel,Corinne,Journaliste,"La Croix, Santé & Travail"
Reux,Julie,"Journaliste, fondatrice de Vinofutur",Vinofutur
Rexach,Jose,Journaliste indépendant pour Humeco / CM-Reporter pour Blast,Organisation
Rey-Sahin,Sevin,Journaliste,Indépendante
Richard,Jeanne,Journaliste,RFI
Richard,Raphael,Rédacteur en chef,Le journal du Grand Paris
Richard,Aude,Journaliste pigiste,"La Maison écologique, Reporterre"
Richard,Chloé,Journaliste,Pigiste
Richard,Laurent,Directeur de publication,Forbidden Stories
Richard,David,Photojournaliste (pigiste),Libération – Reporterre
Richard-Thomson,Julien,"Réalisateur, auteur, journaliste",Jaguarundi Editions
Ricottier,Simon,Journaliste,France TV
Ridon,Xavier,Journaliste,La Clé des Ondes
Rifon,Benjamin,Réalisateur et journaliste,Kimia studios
Rigaux,Marianne,Responsable pédagogique,Samsa.fr
Rijmenams,Leslie,Journaliste,NGroup
Rio,Titouan,Étudiant,Sciences-Po Lille
Rio,Isabelle,Journaliste Rédactrice,France TV France 3
Ripert,Nathan,Journaliste,RCF Nancy
Rito,Alexandre,Photographe et Activiste pour une justice climatique,Alternatiba75
Robaglia,Mélanie,Journaliste,Terre de Vins
Robert,Benjamin,Journaliste,Pigiste
Robert,Mathieu,Journaliste réalisateur,Cash Investigation – Premières Lignes TV
Robert,Hugo,Journaliste,Les Échos
Robert-Motta,Clara,Journaliste,Indépendante
Robin,Marie-Monique,Journaliste,Indépendante
Rochard,Sébastien,Journaliste/Coordinateur Report’Cité,Report’Cité
Roche,Mathilde,", Journaliste",", Libération"
Rocher,Claire,Rédactrice en chef,Courrier Mission et Migrations (Conférence des évêques de France)
Rochon,Catherine,Rédactrice en chef,Terrafemina
Rodier,Simon,Journaliste,Tv5monde
Rodier,Benjamin Satyavir,Président,Courant Constructif
Roehrig,Yvonne,journaliste,France TV
Roels,Joan,"Fondateur, producteur et réalisateur",We Tell Stories
Roge,Solene,Rédactrice en chef,Les Others
Roland,Sophie,Journaliste-formatrice,Indépendante
Romano,Lucie,Journaliste spécialisée urbanisme,Divers
Roozenbeek,Yvette,Fondateur,Weetulip
Ropert,Pierre,Journaliste,France Culture
Rosenfeld,Alexis,Photojournaliste,
Rosselin,Jacques,Directeur,EFJ (École du nouveau journalisme)
Rossetti,Mélanie,Fondatrice,Les Sherlocks du Voyage
Roudaut,Maëlle,Journaliste,HuffPost
Roudier-Valaud,Cindy,Journaliste,La République du Centre
Rouliès,Florian,Journaliste,France Télévisions
Rousseaux,Agnès,Directrice,Politis
Roussel,Léo,Journaliste indépendant,Pigiste
Roussel,Florence,Rédactrice en chef d’Actu-Environnement,Actu-Environnement
Roussel,Claire,Journaliste,"Freelance, Couture Apparente Podcast"
Rousval,Loic,JOURNALISTE PRÉSENTATEUR MÉTÉO,CNEWS ET FRANCE 3
Rouvier,Laure-Meriem,Journaliste,Le Crestois et pigiste
Roux,Valentin,Étudiant journaliste,École de journalisme de Cannes
Rouzaud,Mathieu,Indépendant,Média ou organisation
Roy,Anne,journaliste,AEF info
Roy,Marie,Journaliste,Indépendante
Ruaud,Hugo,Journaliste,Indépendant
Ruben,Simon,Responsable du CFPJ,CFPJ (Centre de formation et de perfectionnement des journalistes)
Ruiz,Joël,Journaliste / Littoral 11 et 66,L’Indépendant du Midi
Ruiz,Paloma,Documentariste et journaliste,Indépendante
Ruiz,Olivier,Responsable de l’information,Mairie de Nanterre
Sabari Poizat,Celine,Autrice curator,NONFICTION
Sabeur,Siham,Journaliste,France Télévisions
Saccani,Nina,Journaliste spécialisée dans l’environnement,Freelance
Saccaro,Laurent,REDACTEUR EN CHEF – SANS EMPLOI,AUCUN
Sadrax,Ulysse,PDG du media en ligne « Centre à la UNE » Haïti.,Media en ligne « Centre à la UNE » Haïti.
Sagnes,Patrick,Photographe indépendant,Pigiste
Saint-Sernin,Yann,Journaliste,Sud Ouest
Salabé,Fiacre,Journaliste environnementaliste,"Forêts Mag, basé au Gabon"
Salles,Tiana,Journaliste indépendante,Indépendante
Salliou,Sylvaine,Rédactrice,France 3 Bretagne
Salvet,Marc,Photojournaliste,La Dépêche du Midi
Sambrano,Carol,Étudiante en Media & Culture,Paris 8
Samuel,Laurent,Journaliste,Rédacteur en chef du site des JNE
San,Louis,journaliste,franceinfo.fr
Sanabria,Sylvie,Directrice de la redaction,Outside.fr
Sanli,Cemil,Journaliste,Le Média TV
Sanmarty,Léo,Journaliste,Natura Sciences et Arte
Santacroce,Léia,Journaliste indépendante,« Les calottes sont cuites »
Santulli,Magali,Journaliste,RCF Lorraine Nancy
Sapena,Nathalie,présidente de la commission des journalistes de la Scam,France 2
Saque,Salomé,Journaliste,Blast
Sardin,Anna,Journaliste,
Sarfaty,Lucie,Rédaction La Terre au Carré,France Inter
Sartena,Chloé,Journaliste,Ouest France
Satto,Victoire,Cofondatrice,The Good Goods
Sauvage,Flora,Journaliste,Public Sénat
Sauvageot,Cyril,Directeur adjoint de la Rédaction Internationale,Radio France
Sauzay,Cecile,Journaliste TV,France Télévisions
Savaete,Elisa,Etudiante,ESJ
Savary,Pierre,JOURNALISTE,ESJ LILLE
Schabel,Alexandre,Journaliste,Le Créateur de Liens-Chic Planète TV
Schaub,Coralie,Journaliste environnement,Libération
Scheidhauer,Natacha,Journaliste,"Pigiste. Science et vie junior, etc."
Schelcher,Myriam,journaliste,France 3 Nord Pas-de-Calais
Scherer,Eric,Directeur du MédiaLab de l’information & des Affaires Internationales,France Télévisions
Schwartz,Arnaud,Directeur de l’IJBA,Institut de Journalisme Bordeaux Aquitaine – IJBA
Schweyer,Cléo,Pigiste,
Schwyn,Bayron,Journaliste,"ESH Médias (Le Nouvelliste, ArcInfo, La Côte)"
Sciama,Yves,"Journaliste scientifique, vice-président de l’AJSPI",Pigiste
Scigacz,Marie-Adélaïde,Journaliste,Franceinfo.fr
Scotto,Romain,Rédacteur en chef adjoint,Franceinfo.fr
Sdj De Geo (prisma Media),Nan,,
Sébille,Marthe,Réalisatrice,Aucune
Sebogo,Mahamadi,Journaliste,Sidwaya (Burkina Faso)
Segond,Romain,Journaliste vidéo/réseaux sociaux,l’Opinion
Seguin,Gabriel,Comptable,Néant
Seingier,Hélène,Journaliste et auteure,"Le 1 Hebdo, Zadig"
Semaska,Diana,"journaliste pigiste, autrice",indépendante
Seng,Dyna,Rédacteur en chef,RFI en khmer
Senlis,Pierre-Hippolyte,Réalisateur,Indépendant
Senn,Mireille,monteuse TV,RTS et déléguée Syndicat Suisse des Massmédias
Séré,Ludovic,Journaliste,Libération
Serfaty,Laurence,Journaliste – documentariste – formatrice,Frer lance
Serfaty,Laurence,journaliste et documentariste,free-lance
Sermondadaz,Sarah,Journaliste sciences climat,Heidi.news (Suisse)
Servant,Millie,Rédactrice en chef,Climax
Seurat,Myriam,Journaliste météo,France Télévisions
Silianov,Zoe,Communication et relations presse,DOC association
Silvia,Valenti,Giornalista e addetta stampa,SeilaTv
Silvia,Sitari,Giornalista professionista free lance,Bee magazine and other
Siméon,Gabriel,"Journaliste, auteur du livre « Éviter le pire »",Indépendant
Simon,Mathilde,Journaliste,"Usbek & Rica, Carbo Média"
Simon,Laurent,Directeur de la publication,TheMetaNews
Sinai,Agnès,Journaliste,Actu-Environnement
Sisco,Baptiste,Etudiant en journalisme,École de Journalisme de Grenoble
Sivy,Corentin,Directeur de service dans une entreprise d’énergie renouvelable,
Slavitch,Marine,Journaliste,Médianes
Société Civile Des Journalistes De Sud Ouest,Nan,Société actionnaire du Groupe Sud Ouest,
Soler,Franck,Journaliste,indépendant
Soret,Laura,Réalisatrice,Freelance
Sorto-Cazaux,Camilo,Réalisateur,otroSfilms
Soubelet,Isabel,Journaliste,L’Infirmière
Souchay,Grégoire,Journaliste pigiste,
Soutrelle,Geoffroy,Journaliste honoraire,FTV
Soyer,Benjamin,Journaliste en formation,IEJ Paris
Spertino,Emilie,Journaliste,TF1
Spiekermeier,Françoise,Reporter,Plumevoyage.fr
Sudry-Le dû,Cerise,Journaliste,Les Journalopes
Surmaire,Léa,Journaliste,Energie plus
Surmely,Léa,Etudiante,Ecole de journalisme
Sutter,Beatrice,Directrice de la rédaction,L’ADN
Swynghedauw,Anne,JOURNALISTE INDEPENDANTE,INTRAMUROS/ADMAGAZINE
Sylvestre,Julien,Reporter – Pisteur,biø.com
Syndicat national des journalistes cgt (snj-Cgt),Nan,,
Szczygiel,Axelle,journaliste pigiste,
Tamba,Georges,Journaliste,The Post
Tamukong,Roland Angong,Journalist/Director,WORLD ECHOES MEDIA GROUP
Tanchot,Léa,Cheffe de projet,CosaVostra
Tanguy,Delphine,Reporter,La Provence
Tanguy,Erwan,Business dev Manager,Newsback
Tanneau,Lucie,journaliste,.
Tardieu,Vincent,Journaliste scientifique et coordinateur de la revue 90º,revue 90°
Tariant,Eric,Journaliste,"Le Temps, We demain"
Tauzin,Claire,Assistante,Le Pèlerin / BAYARD
Tayac,Delphine,Journaliste,Collectif Antidotes
Terroille,Charles,Journaliste,France Télévisions
Tessier,Pascale,Journaliste rémunérée à la pige,Plusieurs (4)
Tézenas Du Montcel,Anne,journaliste,a titre personnel
Thevenet,Olivier,Rédacteur en chef,Terre Sauvage
Thiebaut,Myriam,Journaliste,France Télévisions
Thiebaut,Elise,Journaliste,La Déferlante
Thiollier,Fred,Secrétaire de rédaction,Bayard Presse
Thiriet,Anne,journaliste,journaliste indépendante/pigiste
Thiriet,Stéphanie,Journaliste,Indépendante
Thoin-Bousquié,Julie,Journaliste,L’Usine Nouvelle
Thomas,Françoise,rédactrice,L’Exploitant Agricole de Saône-et-Loire
Thomas,Sandrine,"Journaliste, ex-redactrice en chef et directrice des redactions",Indépendante
Thomas,Baptiste,Journaliste,Indépendant
Thompson,Yann,Journaliste,franceinfo.fr
Thompson,Lionel,Journaliste,France Inter
Thuillez,Maxime,Journaliste,Greenletter Club
Tiberi,Jacques,Rédacteur en chef,Low-Tech Journal
Tilly,Jeanne,Rédactrice Web,Institut de Formation à la sophrologie
Tison,Coline,Productrice/rédactrice en chef,La Jolie Prod
Tisserond,Stéphanie,rédactrice en chef,l’éléphant junior
Tisserond,Stéphanie,rédactrice en chef,l’éléphant junior
Tisseyre,Christophe,journaliste,
Tissot Grosset,Christelle,Fondatrice,mūsae
Tordjman,Nathalie,Journaliste pigiste,Terre Sauvage et JNE
Toubin-Perre,Josué,Étudiant en journalisme,La plume verte/Académie ESJ
Tournebize,Lucie,Journaliste,Indépendante
Tournier,Guillaume,Journaliste,Le Tote Bag
Toussaint,Gilles,Responsable de la rubrique Planète,La Libre Belgique
Tran Nguyen,Emilie,Journaliste,France télévisions
Tranchant,Marie,Responsable pédagogique / journaliste,ESJ Lille
Tricot,Antoine,"journaliste, documentariste",Indépendant
Triou,Natacha,Productrice,France Culture
Trocellier,Mathilde,Journaliste culturelle,Combat
Trotin,Alicia,Rédactrice en alternance,Tribunal du net
Trottmann,Gabrielle,journaliste,Vert
Tsirigotaki,Eve,Journaliste,www.ertnews.gr
Tuaillon,Victoire,Journaliste,Les Couilles sur la table / Le Coeur sur la table
Tual,Raphaël,journaliste/rédacteur en chef adjoint,Enquêtes d’actu/actu.fr
Tual,Steven,Météorologue,Météo-Bretagne Météo-Concept
Tuillé,Frédéric,Responsable des études,Observ’ER
Tyrakowski,Maxime,Etudiant en journalisme,
Tyrakowski,Cheyenne,Journaliste en PHR,Haute Saintonge
Tzélépoglou,Théo,Journaliste scientifique et écologue,Independant
Uguen,Olivier,"Journaliste, maître de conférences associé","Institut de journalisme Bordeaux Aquitaine, IJBA"
Ulrich,Claire,Editor,Médias indépendants en ligne
Urbas,Boris,Maître de conférences,"ISIC, Université Bordeaux Montaigne"
Vabre,Marie,"Journaliste de solutions, indépendante",Indépendante et ma structure Inspirer & Co
Vairet,Florent,Journaliste,Les Echos START
Valadas,Virginie,"Journaliste, éditrice",Les Rétais
Valenti,Emmanuelle,Journaliste pugiste,Plein
Valentin,Anne-Sophie,Journaliste,
Valette,Damien,Reporter départemental,Le Journal de Saône-et-Loire
Valette,Valentin,Etudiant Journaliste,"Académie ESJ, Les Reporters Incrédules"
Vallée,Pauline,Journaliste,NOWU
Vallet,Francoise,journaliste,FRANCE 2
Valverde,David,JOURNALISE,RADIO FRANCE
Van Ditzhuyzen,Anaïs,Autrice Réalisatrice,Freelance
Van Houcke,Christian,Directeur de la publication,Parisecologie.com
Van Ossel,Julie,Journaliste,Euronews
Vanel,Sophie,Journaliste environnement,Stagiaire à Sciences et Avenir
Vanmerris,Corinne,Directrice adjointe,Ecole supérieure de journalisme de Lille
Vannier,Christian,Membre du conseil d’administration,PRESS CLUB DE FRANCE
Vannier,Denis,Journaliste,Le Plan Studio
Vannier,Christian,journaliste,PRESS CLUB DE FRANCE
Vantyghem,Christophe,Directeur technique,Les Inrockuptibles
Varanne,Arnault,Rédacteur en chef,Le 7
Vauconsant,Isabelle,JOURNALISTE,HORTUS FOCUS
Vautier-Chollet,Manon,Journaliste,Radio France
Vedrenne,Agnes,journaliste,sud ouest
Veillas,Flavie,Étudiante en journalisme,École de journalisme de Cannss
Veissier,Lucile,Journaliste,TheMetaNews
Vergez,Capucine,Rédactrice web,Tcheen
Vergne,Charline,Journaliste web,
Verlei,Sasha,Rédactrice (collaboratrice),Altermidi
Vermeylen,Margot,Journaliste enquêtrice,PLTV
Vernet,Agnès,journaliste scientifique,présidente de l’Association des journalistes scientifiques de la presse d’information (AJSPI)
Verronneau,Aurélie,Journaliste,RSEDATANEWS
Vialanet,Delphine,Directrice régionale,France 3 nouvelle-Aquitaine
Vibert,Emmanuelle,Journaliste,Indépendante
Vidal,Julien,"Podcasteur, auteur",2030 Glorieuses
Vidard,Mathieu,Animateur,France Inter
Vieira,Andréa,Étudiante alternante,Paris Habitat
Vilars,Timothée,Chef des informations,L’Obs
Villain,Renaud,Redacteur en chef,Together Media
Villeneuve,Anthony,Chef d’édition,Le Républicain Lorrain
Vincent,Thibault,Journaliste,France Bleu Pays Basque
Vincent,Anne-Marie,Journaliste,L’Echo du Berry
Vinchon,Timothée,Journaliste indépendant,
Viollat,Pierre-Ludovic,Journaliste,France 24
Viollat,Michel,Retraité,Journaliste honoraire
Vion-Dury,Philippe,Rédacteur en chef,Socialter
Vire,Emmanuel,Journaliste et secrétaire général du SNJ-CGT,GEO / SNJ-CGT
Vuetaz,Audrey,Journaliste,Public sénat
Vuillod,Frédéric,Directeur de la rédaction,Mediatico
Wagener,Alain,Journaliste,RTC TELE LIEGE / + alainwagenergreen.wordpress.com
Wagner,Thomas,Rédacteur en chef,Bon Pote
Wahl,Sophie,Journaliste,France Télévisions
Waleckx,Tristan,Journaliste,France 2
Walker,Annabel,Présentatrice et reporter radio / web,NRJ Haute-Loire
Walter,Bruno,Journaliste,Pigiste
Wassenaar,Steven,photojournaliste,photographe indépendant
Watrin,Laure,Journaliste,transonore
We Report,",",Collectif de journalistes indépendants,WE REPORT
Weber,Antonin,Photograohe journaliste,Solvo
Weill,Martin,Reporter,TMC
Wéry,Arnaud,Journaliste,L’Avenir.net (Les Editions de L’Avenir)
Wessang,Anka,Directrice,Club de la presse Strasbourg Europe
Weynants,Emilie,Journaliste indépendante,Ouest France / Report’Cité
Wilks,Jeremy,Journaliste Scientifique,Euronews
Wilson,Samorya,Journaliste,Indépendante
Witter,Louis,Journaliste,Pigiste
Woznica,Guillaume,Journaliste météo,TF1-LCI
Wrobel,Benjamin,Fondateur,Trois-Quatorze Media
Wust,Arnaud,Journaliste spécialisé,France 3
Wybo,Gilles,Directeur de la rédaction,Stratégies
Xardel,Thibaut,Projet rse,Onepoint
Yakovlev,Marina,Rédactrice en chef,EcoYako
Yazir,Melike,Journaliste,Journaliste
Z,Juliette,"Traductrice, correctrice","Le Trente-Deux, minizine de petites annonces & agenda du Tarn-Ouest"
Zaoug,Jalila,secrétaire de rédaction,franceinfo.fr
Zbinden,Wendy,Journaliste,Pigiste
Zeimet,Stéphanie,Journaliste-éditrice digitale,L’Echo Républicain-Centre France
Zine,Ghita,Journaliste,
Zucchet,Romy,Directrice de publication,Brillante Magazine
Zurmely,David,journaliste,ARTE
